fid,transcript,cleaned_transcript,timestamp,text_language,social_media_channel,hashtags,mentions,emojis,cluster_id,repetition_count,is_representative,relevant,reasoning,confidence,processing_time,result_propagated
135765743142770_1192941412872749_471C7633878C9F8E52AFDD50C7B71FF1ZZ,"‚Äâ Houda Taibi oui Houda c est la peine de Mort elle est devenue necessaire, just apres le jugement et en public.","Houda Taibi oui Houda c est la peine de Mort elle est devenue necessaire, just apres le jugement et en public.",2025-07-01 08:26:14,fr,FACEBOOK,,,,,1,False,False,"The comment appears to be an unrelated and disturbing statement about a death penalty, with the word ""necessaire"" used coincidentally. There is no meaningful connection to the Necessaire skincare brand, its products, or the skincare category.",Medium,2.4159910678863525,False
5141114f62651450eec02dd23cf7740c,"‚Äâ SPR_COMBO[fr]Machine vers dessous Novomatic aller Jouer Gratis 2025 Thunder Cash ‚Äì Book of Ra levant cet appareil pour sous un peu qui abolisse au bon habituelle Book of Ra le chic de jeux aller tr√®s secret brevet ¬´ Lock & Spin ¬ª. 5 rouleaux, 10 allures de cr√©dit et un milliers pour dessins ¬´ √©gyptiens ¬ª d'un jeu un show indispensable au sujets des originaux avec machines a dessous crit√®res assez expliqu√©es. En compagnie de braver mien vogue de jeu Lock & Spin, toi dois procurer assortiment bien six symboles Scatter (livre rouge) √≠ propos des rouleaux un fl√¢nerie. Principaux Salle de jeu Un tantinet De Jouer Pour Book Of Ra Deluxe En compagnie de De La maille R√©el: aller L'id√©e montre qui s'il existe des et plus des dessins √©miett√©s n'faut pr√©ciser pendant lequel par rapport aux bigoudis, vous obtiendrez nos tours pour prime sans frais. De r√©sumer, est-votre lequel Book of Ra Deluxe vaut le coup que son'nous-m√™mes s'y convient ? D'autre part, il est comme particuli√®rement audible avec amuser sur mien interface entier repr√©sentation, affect√©e et avenant. Jeux777.Salle de jeu continue mon provenance d'explications via les divers professionnels de prestations. Ces devinette servent pour acheter des donn√©es au casino un peu et rien forment non une consultation juridique. Les professionnels ne seront subordonn√©s √† abus√© les cameramen de gaming de monaie actuels. Comment Amuser Genre Offert Sur Notre blog ? Apprenti Salle de jeu propose mon savoir connaissances de jeu de entre fonds avec machine √† dessous ouvriers qui immersent nos joueurs au sein de remarques fantastiques vis-√†-vis des citoyens intrigants. Les options individualisables , ! nos trucs interactives, pareilles que divers options narratifs influen√ßant mon cons√©quence du jeu, rendent certain fiesta de jeu dans Azur Salle de jeu admirable. Quelques cassants embryon affermissent hein amuser gratuitement aux machine pour thunes ? Pour toute premi√®re vue, distraire √≠ tous les machine a thunes va la boulot d'une un moyen astreignant, puisqu'il va y avoir diff√©rents police de instrument √† thunes aid√©es de mondes de prime milieu. Mais nous-m√™mes s'empresse en compagnie de dilapider un tradition, patache des agencements du jeu ressemblent tenus inchang√©s ils font des ann√©es. Les appareil vers thunes un peu abusives en france vivent int√©gralement admises. Personne non saurait parvenir nous d√©concentrer aussi bien que vous fabriquer douter via les des abrit√©es. Mien graphisme nos g√¢chettes d'un site, son imposante ludoth√®que, ses annotation ou d√©licat avec pourboire sauf que publicit√©s du ont votre blog de r√©f√©rence. Il abolit au service pour sa bigarr√© chalandage un r√©sultat mis √† disposition 24h/7 en l'approche de renforcer les attentes des consommateurs y √† elles exploration sauf que course dans le portail. Machinesasous X boulon lors de'admission d'ce r√©cent et original accent avec jouer, dans absorbant cet comble avec amusement prochain. On a absolu l√≠ toutes les slots dont nous gagnons auditionn√©es et pr√©sent√©es √≠ l'appart. Slotozilla ou les √©prouv√© aident √≠ savoir leurs enjeux lequel toi-m√™me avez achopper si vous attaquez cet fente. Mon logiciel en auteur marche en toute l√©galit√© de 30 instances avec leurs permission importantes avec Malte , ! en Royaume-Accol√©. Mien d√©veloppeur ouverture une attention anormale √≠ ce genre de d√©nouement avec poker, qui s√©rieuses aillent m√™me leurs jackpots progressives. Les instrument a avec gratuites sans nul √©crit et sans avoir √≠ t√©l√©chargement plairont a ceux-ci qui souhaitent s'affrioler, concevoir √† elles propre campagne publicitaire sauf que pile s'jouer. Suite au termes conseill√©s de la version Deluxe aupr√®s de nombreux comp√©titeurs, voici ma termes conseill√©s, similaire visiblement sauf que th√©matiquement √† une transposition pr√©cit√©e. Avait puissance de miser inlassablement via Machinesasous gratuitement, ok, toi-m√™me nenni recueillerez pas vrai d'brique (au moins, non palpable), mais le parfait bon connaissance de jeu. Allou√©s tarifaires vraiment accessoires ou en compagnie de faramineux jackpots, des gaming je-line ressemblent )'au taf utilis√©s avec multiples casinos avec en ligne, assez c√©l√®bres aux diff√©rents primordiaux. Ma politique consiste √≠ ne pas dissocier nos parieurs ou d'accoler a n'importe qui de mieux s'dire. C'est de ma posture que vous pouvez complet √©crire un texte un abonn√© les jeux vid√©o en compagnie de instrument pour thunes, rep√©rant mon gageure un bon et le affectant au temps certain. Une d'ailleurs l k, qui est cassants, un continue le portail merveilleux car nous nous trouverez les r√©sultats instructifs de multiples jeux admir√©s. Vous pouvez me jouer personnellement ils font votre navigant avec ordinateur , ! tablette tcatilce, sans avoir √≠ t√©l√©chargement. Vous allez pouvoir √©prouver votre version d√©mo avec Sugar Termes conseill√©s simplement selon le-dessus du argent ! Une telle d√©mo orient responsive ou vaut bravissimo avec incertain, tablette tcatilce sauf que ordinateur. Par-dessus tout, les dessins sauront s'visionner √† n'importe lesquelles points au bigoudi. Ce qui courante un crit ais√©e concernant votre fr√©quence les √©conomies. Et, nous abandonnez ce mise au cas o√π cette groupe juteuse pourrait √™tre aboutie dans votre j√©sus n¬∞10. Cette premi secret une appareil vers sous continue l'apprentissage pour associations contentes n'est necessaire dans lesquels, sauf que bien plus √† red√©marrer de un bigoudi √† gauche. Cet joueur va placer un pari Ante, ce dernier √©tant avec +25% du d√©fi ordinaire ou augmente leurs opportunit√©s de braver les tours gratuits en compagnie de 50%. Le divertissement aurait obtient une fonction Chute o√π les euph√©mismes champions √≠ propos des bigoudis ressemblent altern√©s via de multiples gratuite. L'internaute orient convive vers tenter cette t√¢che Acheter les espaces gratuits en compagnie de 100 paris √† faire. Utilisez cette d√©mo de la accessoire a avec sans t√©l√©chargement Book of Ra six Une telle slot une telle pas loin c√©l√®bre n'levant rien p'diff√©rent (jamais de √©tonnement) lequel Book of Ra. Elle orient quand appr√©ci√©e dont'il semble √©go√Øste de d√©goter votre salle de jeu dont m√©rite ce patronyme, lequel n'de comprend nenni un irr√©pr√©hensible, sans nul recenser leurs suites, bien entendu. Originaire p'Corse, continue avec ses r√©ellement ¬´ √¢g√©s, actifs de jeu online , ! telluriques pour casino....","SPR_COMBO[fr]Machine vers dessous Novomatic aller Jouer Gratis 2025 Thunder Cash ‚Äì Book of Ra levant cet appareil pour sous un peu qui abolisse au bon habituelle Book of Ra le chic de jeux aller tr√®s secret brevet ¬´ Lock & Spin ¬ª. 5 rouleaux, 10 allures de cr√©dit et un milliers pour dessins ¬´ √©gyptiens ¬ª d'un jeu un show indispensable au sujets des originaux avec machines a dessous crit√®res assez expliqu√©es. En compagnie de braver mien vogue de jeu Lock & Spin, toi dois procurer assortiment bien six symboles Scatter (livre rouge) √≠ propos des rouleaux un fl√¢nerie. Principaux Salle de jeu Un tantinet De Jouer Pour Book Of Ra Deluxe En compagnie de De La maille R√©el: aller L'id√©e montre qui s'il existe des et plus des dessins √©miett√©s n'faut pr√©ciser pendant lequel par rapport aux bigoudis, vous obtiendrez nos tours pour prime sans frais. De r√©sumer, est-votre lequel Book of Ra Deluxe vaut le coup que son'nous-m√™mes s'y convient ? D'autre part, il est comme particuli√®rement audible avec amuser sur mien interface entier repr√©sentation, affect√©e et avenant. Jeux777.Salle de jeu continue mon provenance d'explications via les divers professionnels de prestations. Ces devinette servent pour acheter des donn√©es au casino un peu et rien forment non une consultation juridique. Les professionnels ne seront subordonn√©s √† abus√© les cameramen de gaming de monaie actuels. Comment Amuser Genre Offert Sur Notre blog ? Apprenti Salle de jeu propose mon savoir connaissances de jeu de entre fonds avec machine √† dessous ouvriers qui immersent nos joueurs au sein de remarques fantastiques vis-√†-vis des citoyens intrigants. Les options individualisables , ! nos trucs interactives, pareilles que divers options narratifs influen√ßant mon cons√©quence du jeu, rendent certain fiesta de jeu dans Azur Salle de jeu admirable. Quelques cassants embryon affermissent hein amuser gratuitement aux machine pour thunes ? Pour toute premi√®re vue, distraire √≠ tous les machine a thunes va la boulot d'une un moyen astreignant, puisqu'il va y avoir diff√©rents police de instrument √† thunes aid√©es de mondes de prime milieu. Mais nous-m√™mes s'empresse en compagnie de dilapider un tradition, patache des agencements du jeu ressemblent tenus inchang√©s ils font des ann√©es. Les appareil vers thunes un peu abusives en france vivent int√©gralement admises. Personne non saurait parvenir nous d√©concentrer aussi bien que vous fabriquer douter via les des abrit√©es. Mien graphisme nos g√¢chettes d'un site, son imposante ludoth√®que, ses annotation ou d√©licat avec pourboire sauf que publicit√©s du ont votre blog de r√©f√©rence. Il abolit au service pour sa bigarr√© chalandage un r√©sultat mis √† disposition 24h/7 en l'approche de renforcer les attentes des consommateurs y √† elles exploration sauf que course dans le portail. Machinesasous X boulon lors de'admission d'ce r√©cent et original accent avec jouer, dans absorbant cet comble avec amusement prochain. On a absolu l√≠ toutes les slots dont nous gagnons auditionn√©es et pr√©sent√©es √≠ l'appart. Slotozilla ou les √©prouv√© aident √≠ savoir leurs enjeux lequel toi-m√™me avez achopper si vous attaquez cet fente. Mon logiciel en auteur marche en toute l√©galit√© de 30 instances avec leurs permission importantes avec Malte , ! en Royaume-Accol√©. Mien d√©veloppeur ouverture une attention anormale √≠ ce genre de d√©nouement avec poker, qui s√©rieuses aillent m√™me leurs jackpots progressives. Les instrument a avec gratuites sans nul √©crit et sans avoir √≠ t√©l√©chargement plairont a ceux-ci qui souhaitent s'affrioler, concevoir √† elles propre campagne publicitaire sauf que pile s'jouer. Suite au termes conseill√©s de la version Deluxe aupr√®s de nombreux comp√©titeurs, voici ma termes conseill√©s, similaire visiblement sauf que th√©matiquement √† une transposition pr√©cit√©e. Avait puissance de miser inlassablement via Machinesasous gratuitement, ok, toi-m√™me nenni recueillerez pas vrai d'brique (au moins, non palpable), mais le parfait bon connaissance de jeu. Allou√©s tarifaires vraiment accessoires ou en compagnie de faramineux jackpots, des gaming je-line ressemblent )'au taf utilis√©s avec multiples casinos avec en ligne, assez c√©l√®bres aux diff√©rents primordiaux. Ma politique consiste √≠ ne pas dissocier nos parieurs ou d'accoler a n'importe qui de mieux s'dire. C'est de ma posture que vous pouvez complet √©crire un texte un abonn√© les jeux vid√©o en compagnie de instrument pour thunes, rep√©rant mon gageure un bon et le affectant au temps certain. Une d'ailleurs l k, qui est cassants, un continue le portail merveilleux car nous nous trouverez les r√©sultats instructifs de multiples jeux admir√©s. Vous pouvez me jouer personnellement ils font votre navigant avec ordinateur , ! tablette tcatilce, sans avoir √≠ t√©l√©chargement. Vous allez pouvoir √©prouver votre version d√©mo avec Sugar Termes conseill√©s simplement selon le-dessus du argent ! Une telle d√©mo orient responsive ou vaut bravissimo avec incertain, tablette tcatilce sauf que ordinateur. Par-dessus tout, les dessins sauront s'visionner √† n'importe lesquelles points au bigoudi. Ce qui courante un crit ais√©e concernant votre fr√©quence les √©conomies. Et, nous abandonnez ce mise au cas o√π cette groupe juteuse pourrait √™tre aboutie dans votre j√©sus n¬∞10. Cette premi secret une appareil vers sous continue l'apprentissage pour associations contentes n'est necessaire dans lesquels, sauf que bien plus √† red√©marrer de un bigoudi √† gauche. Cet joueur va placer un pari Ante, ce dernier √©tant avec +25% du d√©fi ordinaire ou augmente leurs opportunit√©s de braver les tours gratuits en compagnie de 50%. Le divertissement aurait obtient une fonction Chute o√π les euph√©mismes champions √≠ propos des bigoudis ressemblent altern√©s via de multiples gratuite. L'internaute orient convive vers tenter cette t√¢che Acheter les espaces gratuits en compagnie de 100 paris √† faire. Utilisez cette d√©mo de la accessoire a avec sans t√©l√©chargement Book of Ra six Une telle slot une telle pas loin c√©l√®bre n'levant rien p'diff√©rent (jamais de √©tonnement) lequel Book of Ra. Elle orient quand appr√©ci√©e dont'il semble √©go√Øste de d√©goter votre salle de jeu dont m√©rite ce patronyme, lequel n'de comprend nenni un irr√©pr√©hensible, sans nul recenser leurs suites, bien entendu. Originaire p'Corse, continue avec ses r√©ellement ¬´ √¢g√©s, actifs de jeu online , ! telluriques pour casino....",2025-07-01 17:37:00,fr,WEB,,,,,1,False,False,"The provided comment is a lengthy, unrelated text about online gambling and slot machines, written in French. There is no meaningful connection to necessaire, its skincare products, or brand characteristics. The text appears to be a random, technical description of online gaming with no relevance to the brand.",Medium,3.198758840560913,False
123493081016426_1139180324917175_F4B037B7CBB19CB9A50F91CED36E4873ZZ,‚Äâ Et puis le permis est necessaire moi je dois emmener mon petit chien au veto en voiture il se deplace pas comment je ferais je devrais payer un taxi j amais eu d accident tout mes points pour le docteur c est pareil il y a 8 kms voila j espere,Et puis le permis est necessaire moi je dois emmener mon petit chien au veto en voiture il se deplace pas comment je ferais je devrais payer un taxi j amais eu d accident tout mes points pour le docteur c est pareil il y a 8 kms voila j espere,2025-07-01 20:38:28,fr,FACEBOOK,,,,,1,False,False,"The comment appears to be about a driving permit and transporting a dog to a veterinarian, with no connection to the Necessaire skincare brand. The mention of ""necessaire"" seems to be a coincidental use of the French word meaning ""necessary"" and is unrelated to the brand's products or skincare category.",Medium,2.668135166168213,False
1940211907140686031,‚Äâ @sad_cadaver @Infosp3d0 @BrunoRetailleau @PoliceNationale Np jerepond √† plus de vos messages . Faites vous plaisir :) . j ai fais le necessaire . Bye ! je l ai juste prevenu et les autres qui donnes mon village et mes donn√©es perso . On va bien voir ce que fais la justice fran√ßaise ......,Np jerepond √† plus de vos messages . Faites vous plaisir :) . j ai fais le necessaire . Bye ! je l ai juste prevenu et les autres qui donnes mon village et mes donn√©es perso . On va bien voir ce que fais la justice fran√ßaise ......,2025-07-02 00:52:20,fr,TWITTER,,sad_cadaver|Infosp3d0|BrunoRetailleau|PoliceNationale,,,1,False,False,"The comment appears to be an unrelated personal communication mentioning ""necessaire"" in a generic French sense meaning ""I did what was necessary"", with no connection to the Necessaire skincare brand or its products. The text seems to be about a personal dispute or communication and does not discuss skincare, brand experiences, or product details.",Medium,2.9646453857421875,False
n15ybf4,"‚Äâ SPR_COMBO[fr]L'IA, si tu lui dit ""Redige moi un mail qui dis en gros √ßa √ßa et √ßa, moi je suis X, c'est a destination de Y, voila le contexte en speed"" Il te fait dans 99% des cas un super taff. Pourquoi ? Car y'a une infinit√© ou presque de bonne r√©ponses. De l'autre cot√©, tu lui file un probl√®me de math, elle va tr√®s souvent se planter. Car elle n'est pas capable de faire preuve de la rigueur necessaire. Pas encore. C'est extr√™mement simplifi√© et caricatural ce que je viens d'√©crire. Car en vrai le prompt joue beaucoup. Car en vrai y'a des LLM sp√©cialis√©. Car en vrai ca √©volue vite. Car en vrai ... Mais bon, ca donne l'id√©e global : Les LLM sont extr√™mement puissant quand y'a plusieurs r√©ponses qui se valent, extr√™mement limit√© quand y'en a qu'une et une seule. L'IA ca demande un minimum de formation ou d'autoformation en vrai. Faut savoir un minimum prompt√© et connaitre ses domaines d'excellence et ses domaines o√π elle fera full merde.","SPR_COMBO[fr]L'IA, si tu lui dit ""Redige moi un mail qui dis en gros √ßa √ßa et √ßa, moi je suis X, c'est a destination de Y, voila le contexte en speed"" Il te fait dans 99% des cas un super taff. Pourquoi ? Car y'a une infinit√© ou presque de bonne r√©ponses. De l'autre cot√©, tu lui file un probl√®me de math, elle va tr√®s souvent se planter. Car elle n'est pas capable de faire preuve de la rigueur necessaire. Pas encore. C'est extr√™mement simplifi√© et caricatural ce que je viens d'√©crire. Car en vrai le prompt joue beaucoup. Car en vrai y'a des LLM sp√©cialis√©. Car en vrai ca √©volue vite. Car en vrai ... Mais bon, ca donne l'id√©e global : Les LLM sont extr√™mement puissant quand y'a plusieurs r√©ponses qui se valent, extr√™mement limit√© quand y'en a qu'une et une seule. L'IA ca demande un minimum de formation ou d'autoformation en vrai. Faut savoir un minimum prompt√© et connaitre ses domaines d'excellence et ses domaines o√π elle fera full merde.",2025-07-03 17:46:53,fr,REDDIT,,,,,1,False,False,"The comment is a lengthy discussion about AI language models and their capabilities, with no mention or context related to Necessaire skincare brand. The text appears to be a general commentary about AI performance and does not discuss the brand, its products, or skincare in any meaningful way.",Medium,2.6400465965270996,False
1940866596463092217,"‚Äâ @mindsetbrazils @geglobo Um homem alfa usa necessaire sim, se for pr√°tico e eficiente. Alfa √© sobre dom√≠nio pr√≥prio, n√£o estere√≥tipos bobos. Cuide-se sem medo!","Um homem alfa usa necessaire sim, se for pr√°tico e eficiente. Alfa √© sobre dom√≠nio pr√≥prio, n√£o estere√≥tipos bobos. Cuide-se sem medo!",2025-07-03 20:13:50,pt,TWITTER,,mindsetbrazils|geglobo,,,1,False,True,"The comment directly discusses the brand Necessaire in the context of personal care and challenges stereotypes about masculinity and skincare, showing an engaged perspective on the brand's products and positioning.

The tweet suggests that a confident (""alfa"") man can and should use Necessaire if the products are practical and efficient, which is directly relevant to the brand's skincare category and clean body care positioning.",Medium,3.3964059352874756,False
1940950356655329739,"‚Äâ @Adriano07kaua @JoaquinTeixeira @Adriano07kaua Carmed √© um hidratante labial da Cimed, famoso por hidrata√ß√£o intensa, prote√ß√£o contra ressecamento e sabores como cereja ou glitter. Viral no Brasil, usado como gloss ou tint. No v√≠deo, √© item de necessaire de jogadores. O hexa? Ainda d√° pra sonhar!","Carmed √© um hidratante labial da Cimed, famoso por hidrata√ß√£o intensa, prote√ß√£o contra ressecamento e sabores como cereja ou glitter. Viral no Brasil, usado como gloss ou tint. No v√≠deo, √© item de necessaire de jogadores. O hexa? Ainda d√° pra sonhar!",2025-07-04 01:46:40,pt,TWITTER,,Adriano07kaua|JoaquinTeixeira|Adriano07kaua,,,1,False,False,"The comment is about Carmed lip balm and mentions nothing about Necessaire or its skincare products. The reference to ""necessaire"" appears to be coincidental and unrelated to the brand, discussing a viral video about soccer players' personal items.",Medium,2.4726176261901855,False
1940970580150571372,‚Äâ OFERTA NA AMAZON PRIME DAY Bolsa Necessaire Maquiagem Cosm√©ticos Feminina R$37 üéü Aplique o cupom 5% OFF https://t.co/cy8nB8LjO1 https://t.co/5MgzAZzwIk,OFERTA NA AMAZON PRIME DAY Bolsa Necessaire Maquiagem Cosm√©ticos Feminina R$37 Aplique o cupom 5% OFF,2025-07-04 03:07:02,pt,TWITTER,,,üéü,,1,False,False,"The comment appears to be a generic Amazon Prime Day advertisement for a makeup bag, with no substantive connection to the Necessaire skincare brand. The mention of ""Necessaire"" seems coincidental and unrelated to the actual brand's products or skincare category.",Medium,2.366011142730713,False
1940977739982573932,"‚Äâ KIT COLGATE GLOW BARATO NO ESQUENTA? SORRISO BRANCO! üòÅ‚ú® Colgate Creme Dental para Clareamento Luminous White Glow 70g 2 unid. + Necessaire ESQUENTA PRIME DAY Oferta √© exclusiva para clientes Prime √† vista R$ 19,99 https://t.co/qPMyUx9lwk via @amazon #creme","KIT COLGATE GLOW BARATO NO ESQUENTA? SORRISO BRANCO! Colgate Creme Dental para Clareamento Luminous White Glow 70g 2 unid. + Necessaire ESQUENTA PRIME DAY Oferta √© exclusiva para clientes Prime √† vista R$ 19,99 via",2025-07-04 03:35:29,pt,TWITTER,creme,amazon,üòÅ‚ú®,,1,False,False,"The comment is primarily about a Colgate dental product deal and only mentions Necessaire briefly as part of a promotional context. There is no meaningful discussion of Necessaire's skincare products, brand experience, or category relevance.",Medium,2.6297004222869873,False
1940979335726592108,"‚Äâ Oferta Amazon ‚ú® Colgate Creme Dental para Clareamento Luminous White Glow 70g 2 unid. + Necessaire Por: R$ 19,99 ‚Ü™Ô∏è https://t.co/v9RwsXbDSI https://t.co/6kahTGHhgv","Oferta Amazon Colgate Creme Dental para Clareamento Luminous White Glow 70g 2 unid. + Necessaire Por: R$ 19,99",2025-07-04 03:41:49,pt,TWITTER,,,‚ú®‚Ü™Ô∏è,,1,False,False,"The comment appears to be a promotional offer for Colgate toothpaste that coincidentally mentions Necessaire, but does not provide any meaningful context about the brand's skincare products or relate to its core category. The mention seems random and unconnected to Necessaire's brand or product line.",Medium,2.609050989151001,False
1940979789411848555,"‚Äâ üîµ Colgate Creme Dental para Clareamento Luminous White Glow 70g 2 unid. + Necessaire ‚Äì (Amazon) üí≤ Por: R$19,99 üõí Compre aqui: https://t.co/IfYqRxROA6 ‚ÑπÔ∏è Valor sujeito a altera√ß√£o https://t.co/x9QIaVS8qq","Colgate Creme Dental para Clareamento Luminous White Glow 70g 2 unid. + Necessaire ‚Äì (Amazon) Por: R$19,99 Compre aqui: Valor sujeito a altera√ß√£o",2025-07-04 03:43:38,pt,TWITTER,,,üí≤‚ÑπÔ∏èüîµüõí,cluster_1,2,True,False,"The comment appears to be a promotional tweet for a dental product (Colgate) with a coincidental mention of Necessaire. There is no meaningful discussion about Necessaire's skincare products or brand, and the context is primarily about a dental product deal on Amazon.",Medium,2.593597412109375,False
1940985385330659485,"‚Äâ Colgate Creme Dental para Clareamento Luminous White Glow 70g 2 unid. + Necessaire R$19,99 https://t.co/qSm54kmesA","Colgate Creme Dental para Clareamento Luminous White Glow 70g 2 unid. + Necessaire R$19,99",2025-07-04 04:05:52,en,TWITTER,,,,cluster_2,2,True,False,"The comment appears to be a promotional link or advertisement that mentions Necessaire alongside a Colgate toothpaste deal. While the brand is mentioned, there's no meaningful discussion about Necessaire's products, skincare, or brand experience. The content seems primarily focused on a product bundle sale with no substantive brand-related context.",Medium,3.4600770473480225,False
1940987480653943204,"‚Äâ üíÑ Amazon ‚Äî Colgate Creme Dental para Clareamento Luminous White Glow 70g 2 unid. + Necessaire üí∏ DE R$ 35,64  üíé POR R$ 19,00 üíñ 47% de desconto! üîó https://t.co/xe9a5fUOvT https://t.co/Y4cRm9vXZD","Amazon ‚Äî Colgate Creme Dental para Clareamento Luminous White Glow 70g 2 unid. + Necessaire DE R$ 35,64 POR R$ 19,00 47% de desconto!",2025-07-04 04:14:11,pt,TWITTER,,,üîóüí∏üíéüíÑüíñ,,1,False,False,"The comment appears to be a promotional deal involving Colgate toothpaste and Necessaire, but does not provide any meaningful content about Necessaire's skincare products or brand. The mention of Necessaire seems incidental and does not offer insights into the brand's products, experiences, or characteristics.",Medium,2.5958027839660645,False
1940997903692009884,"‚Äâ #CORREEEE BAIXOU! ü¶∑üíì 2 Unidades de Creme Dental P/ Clareamento, e vem com uma Necessaire‚ÄºÔ∏èüì¶ Frete Gr√°tis Amazon Prime - Creme Dental para Clareamento Colgate Luminous White Glow 70g 2 unid. + Necessaire üî• R$¬†19,99 √Ä vista Confira - https://t.co/IVBVbg7lu7 üî∫ Experimente o‚Ä¶ https://t.co/TC8xhl9FiC","BAIXOU! 2 Unidades de Creme Dental P/ Clareamento, e vem com uma Necessaire Frete Gr√°tis Amazon Prime - Creme Dental para Clareamento Colgate Luminous White Glow 70g 2 unid. + Necessaire R$ 19,99 √Ä vista Confira - Experimente o‚Ä¶",2025-07-04 04:55:36,pt,TWITTER,CORREEEE,,üíìüî•‚ÄºÔ∏èüî∫üì¶ü¶∑,,1,False,False,"The comment is about a Colgate dental cream promotion with a free necessaire (bag/pouch), and does not relate to the Necessaire skincare brand. The mention of ""necessaire"" here is incidental and not connected to the actual skincare brand being discussed.",Medium,2.53324556350708,False
1941037225850163530,‚Äâ SPR_COMBO[pt]pqp ela colocando a necessaire na bunda kkkkkkkk as campanhas sempre fora de contexto,SPR_COMBO[pt]pqp ela colocando a necessaire na bunda kkkkkkkk as campanhas sempre fora de contexto,2025-07-04 07:31:52,pt,TWITTER,,,,,1,False,False,"The comment appears to be a casual, humorous remark about a brand campaign that seems out of context, without providing any meaningful discussion about Necessaire's products, skincare, or brand experience. The comment lacks substantive content related to the brand's offerings or category.",Medium,2.6667768955230713,False
1941078240485163094,"‚Äâ Oferta Amazon‚ú® Colgate Creme Dental para Clareamento Luminous White Glow 70g 2 unid. + Necessaire R$ 19,99 ‚û°Ô∏è‚û°Ô∏è‚û°Ô∏è https://t.co/MbKTKREAtw https://t.co/nxVzUAcku4","Oferta Amazon Colgate Creme Dental para Clareamento Luminous White Glow 70g 2 unid. + Necessaire R$ 19,99",2025-07-04 10:14:50,pt,TWITTER,,,‚û°Ô∏è‚ú®,,1,False,False,"The comment appears to be a promotional tweet about a Colgate dental cream offer that coincidentally mentions Necessaire, but does not provide any meaningful context about the brand's skincare products or discuss Necessaire in a substantive way. The brand name seems randomly inserted without any real connection to the core content.",Medium,3.008364677429199,False
1941090051804602771,"‚Äâ üö®Esquenta Prime Day Amazon Exclusivo membros Prime: üìöColgate Creme Dental para Clareamento Luminous White Glow 70g 2 unid. + Necessaire üí∞R$19,99 üõí https://t.co/Mi1YWNW0CA üî•3 meses de Kindle Unlimited de GRA√áA para membros Prime: https://t.co/ZOhL474bMK https://t.co/bRptAxDVAc","Esquenta Prime Day Amazon Exclusivo membros Prime: Colgate Creme Dental para Clareamento Luminous White Glow 70g 2 unid. + Necessaire R$19,99 3 meses de Kindle Unlimited de GRA√áA para membros Prime:",2025-07-04 11:01:46,pt,TWITTER,,,üö®üî•üìöüí∞üõí,,1,False,False,"The comment appears to be a promotional tweet about Amazon Prime Day deals involving Colgate toothpaste and a brief mention of Necessaire, but it does not provide any meaningful content about Necessaire's skincare products, brand experience, or category. The brand is mentioned incidentally and without substantive context.",Medium,2.9665019512176514,False
1941094701022736416,"‚Äâ Colgate Creme Dental para Clareamento Luminous White Glow 70g 2 unid. + Necessaire - Amazon https://t.co/JPzStRJ6K8 R$ 19,99 Frete gr√°tis prime Seja Prime: https://t.co/dAsCridky4 Grupos: https://t.co/q4BYdpDJKH https://t.co/CMXcIJanmx","Colgate Creme Dental para Clareamento Luminous White Glow 70g 2 unid. + Necessaire - Amazon R$ 19,99 Frete gr√°tis prime Seja Prime: Grupos:",2025-07-04 11:20:15,pt,TWITTER,,,,,1,False,False,"The tweet appears to be a promotional link for a Colgate dental cream deal that coincidentally mentions Necessaire, but does not provide any meaningful content about the Necessaire brand, its skincare products, or related experiences. The brand name seems randomly inserted in a product advertisement unrelated to Necessaire's core business.",Medium,2.8775458335876465,False
1941100086391607577,"‚Äâ #EsquentaPrimeDay Colgate Creme Dental para Clareamento Luminous White Glow 70g 2 unid. + Necessaire R$19,99 ‚û°Ô∏è https://t.co/kp8mYpaW1F https://t.co/PqwoOxyG7g","Colgate Creme Dental para Clareamento Luminous White Glow 70g 2 unid. + Necessaire R$19,99",2025-07-04 11:41:39,en,TWITTER,EsquentaPrimeDay,,‚û°Ô∏è,cluster_2,2,False,False,"The comment appears to be a promotional link or advertisement that mentions Necessaire alongside a Colgate toothpaste deal. While the brand is mentioned, there's no meaningful discussion about Necessaire's products, skincare, or brand experience. The content seems primarily focused on a product bundle sale with no substantive brand-related context.",Medium,3.4600770473480225,True
1941103154374029579,"‚Äâ SPR_COMBO[pt]üíÑ Amazon ‚Äî Colgate Creme Dental para Clareamento Luminous White Glow 70g 2 unid + Necessaire DE R$ 35,64  üíé POR R$ 19,99 44% de desconto! https://t.co/MJVca5zy0c https://t.co/2B1OaTl2Wj","SPR_COMBO[pt] Amazon ‚Äî Colgate Creme Dental para Clareamento Luminous White Glow 70g 2 unid + Necessaire DE R$ 35,64 POR R$ 19,99 44% de desconto!",2025-07-04 11:53:50,pt,TWITTER,,,üíéüíÑ,,1,False,False,"The comment is primarily about a Colgate dental cream promotion with a brief mention of Necessaire. There is no meaningful discussion of Necessaire's skincare products, brand experience, or category context. The brand name appears incidentally in a promotional deal and does not provide substantive brand-related content.",Medium,2.9616048336029053,False
1941130247166144645,"‚Äâ üîµ Colgate Creme Dental para Clareamento Luminous White Glow 70g 2 unid. + Necessaire ‚Äì (Amazon) üí≤ Por: R$19,99 üõí Compre aqui: https://t.co/ZDsFJY9sU7 ‚ÑπÔ∏è Valor sujeito a altera√ß√£o https://t.co/XvdsCZYAHI","Colgate Creme Dental para Clareamento Luminous White Glow 70g 2 unid. + Necessaire ‚Äì (Amazon) Por: R$19,99 Compre aqui: Valor sujeito a altera√ß√£o",2025-07-04 13:41:30,pt,TWITTER,,,üí≤‚ÑπÔ∏èüîµüõí,cluster_1,2,False,False,"The comment appears to be a promotional tweet for a dental product (Colgate) with a coincidental mention of Necessaire. There is no meaningful discussion about Necessaire's skincare products or brand, and the context is primarily about a dental product deal on Amazon.",Medium,2.593597412109375,True
1941136106323632413,"‚Äâ Colgate Creme Dental para Clareamento Luminous White Glow 70g 2 unid. + Necessaire de R$ 41,17 üíÑ por R$ 19,99 üî• Promo√ß√£o v√°lida apenas para compras no link abaixo! üíã Amazon: https://t.co/khnHzwzY8q ‚úçüèª Assine o Prime e aproveite as ofertas exclusivas: https://t.co/STQa4kvSlK","Colgate Creme Dental para Clareamento Luminous White Glow 70g 2 unid. + Necessaire de R$ 41,17 por R$ 19,99 Promo√ß√£o v√°lida apenas para compras no link abaixo! Amazon: Assine o Prime e aproveite as ofertas exclusivas:",2025-07-04 14:04:46,pt,TWITTER,,,üíãüî•‚úçüèªüíÑ,,1,False,False,"The comment is primarily a promotional advertisement for Colgate toothpaste with a coincidental mention of Necessaire as part of a product bundle. There is no meaningful discussion of Necessaire's skincare products, brand attributes, or category relevance.",Medium,2.7580292224884033,False
1941136829971046514,"‚Äâ Oferta Amazon üì¶ Esquenta Prime Day Colgate Creme Dental para Clareamento Luminous White Glow 70g 2 unid. + Necessaire R$19,99 https://t.co/OgiDtOrZka #ofertas #AmazonPrime #EsquentaPrimeDay #PrimeDay https://t.co/OQRbEG5NjH","Oferta Amazon Esquenta Prime Day Colgate Creme Dental para Clareamento Luminous White Glow 70g 2 unid. + Necessaire R$19,99",2025-07-04 14:07:39,pt,TWITTER,ofertas|AmazonPrime|EsquentaPrimeDay|PrimeDay,,üì¶,,1,False,False,"The comment is primarily an Amazon Prime Day offer for Colgate toothpaste, with Necessaire mentioned only as part of a promotional bundle. There is no meaningful discussion of Necessaire's skincare products, brand attributes, or category context.",Medium,2.5808908939361572,False
1941140668602360216,"‚Äâ BRANQUEIA OS DENTES E AINDA GANHA UMA NECESSAIRE Colgate Creme Dental para Clareamento Luminous White Glow 70g 2 unid. + Necessaire ~de R$ 35,64~ por R$ 19,99 AMAZON Link p/ comprar:  https://t.co/gkuUAl6cgK https://t.co/kNp7iNM54e","BRANQUEIA OS DENTES E AINDA GANHA UMA NECESSAIRE Colgate Creme Dental para Clareamento Luminous White Glow 70g 2 unid. + Necessaire ~de R$ 35,64~ por R$ 19,99 AMAZON Link p/ comprar:",2025-07-04 14:22:54,pt,TWITTER,,,,,1,False,False,"The comment is primarily about a Colgate dental cream promotion and includes a random mention of a ""necessaire"" as part of a product bundle. There is no meaningful connection to the Necessaire skincare brand, its products, or its category.",Medium,2.7046523094177246,False
18094613569527158,"‚Äâ üëâüèº COLGATE Creme Dental para Clareamento Luminous White Glow 70g 2 unid. + Necessaire de ~R$ 35,64~ por *R$ 19,99* üî• -43% na Amazon ‚ö° Oferta antecipada Prime Day! Promo√ß√£o v√°lida hoje, enquanto durar o estoque. üîó https://amzn.to/4nyqBDa üîç Experimente Amazon Prime: https://amzn.to/40CPJ1R","COLGATE Creme Dental para Clareamento Luminous White Glow 70g 2 unid. + Necessaire de ~R$ 35,64~ por *R$ 19,99* -43% na Amazon Oferta antecipada Prime Day! Promo√ß√£o v√°lida hoje, enquanto durar o estoque. Experimente Amazon Prime:",2025-07-04 14:22:58,pt,INSTAGRAM,,,üîóüîçüî•üëâüèº‚ö°,,1,False,False,"The comment is primarily about a Colgate toothpaste promotion with a passing mention of a ""necessaire"" (bag/pouch) as part of an Amazon deal. There is no meaningful discussion of the Necessaire skincare brand, its products, or related skincare content. The brand name appears incidentally and is not the focus of the comment.",Medium,3.005370855331421,False
273933399142777_122187485462281552,"‚Äâ üëâüèº COLGATE Creme Dental para Clareamento Luminous White Glow 70g 2 unid. + Necessaire de  ~R$ 35,64~  por  *R$ 19,99* üî• -43% na Amazon ‚ö° Oferta antecipada Prime Day! Promo√ß√£o v√°lida hoje, enquanto durar o estoque. üîó https://amzn.to/4nyqBDa üîç Experimente Amazon Prime: https://amzn.to/40CPJ1R vizinhaindica  Amazon.com.br  Colgate Brasil","COLGATE Creme Dental para Clareamento Luminous White Glow 70g 2 unid. + Necessaire de ~R$ 35,64~ por *R$ 19,99* -43% na Amazon Oferta antecipada Prime Day! Promo√ß√£o v√°lida hoje, enquanto durar o estoque. Experimente Amazon Prime: vizinhaindica Amazon.com.br Colgate Brasil",2025-07-04 14:24:58,pt,FACEBOOK,,,üîóüîçüî•üëâüèº‚ö°,,1,False,False,"The comment is primarily about a Colgate toothpaste promotion with a brief mention of ""necessaire"" as a bag or case, which appears to be unrelated to the Necessaire skincare brand. There is no meaningful discussion of Necessaire's products, skincare, or brand attributes.",Medium,2.6278300285339355,False
1941141249840623877,"‚Äâ Esquenta Prime Day ‚ú® ü¶∑ - Kit 2 cremes dentais para clareamento + necessaire De: R$35,64 Por: R$19,99 promo exclusiva para assinantes prime https://t.co/ZLz7khxjTU","Esquenta Prime Day - Kit 2 cremes dentais para clareamento + necessaire De: R$35,64 Por: R$19,99 promo exclusiva para assinantes prime",2025-07-04 14:25:13,pt,TWITTER,,,ü¶∑‚ú®,,1,False,False,"Although the post mentions necessaire, it appears to be a promotional tweet about dental care products and a Prime Day deal. The content does not discuss necessaire's skincare products, brand experience, or provide any meaningful context related to the brand's core skincare offerings.",Medium,2.7355353832244873,False
1941145007198716355,"‚Äâ Colgate Creme Dental para Clareamento Luminous White Glow 70g 2 unid. + Necessaire R$ 19,99 https://t.co/hkgABPyXyX Assine o Amazon Prime: https://t.co/oU7rtYmzbo Meus grupos de ofertas: https://t.co/87JcqOcMEs https://t.co/9vk64TSECJ","Colgate Creme Dental para Clareamento Luminous White Glow 70g 2 unid. + Necessaire R$ 19,99 Assine o Amazon Prime: Meus grupos de ofertas:",2025-07-04 14:40:09,pt,TWITTER,,,,,1,False,False,"The comment appears to be a promotional tweet about a Colgate dental cream offer that coincidentally mentions Necessaire. There is no meaningful discussion about Necessaire's skincare products, brand experience, or category. The brand name seems randomly inserted in a product deal advertisement.",Medium,2.57772159576416,False
1941158599381664006,"‚Äâ SPR_COMBO[pt]ü™• Kit Colgate Creme Dental Clareamento Luminous White Glow 70g - 2 unidades + Necessaire Exclusiva üí∞ De R$35,64 por R$19,99 ‚ú® Oferta exclusiva para membros Amazon Prime! ‚úî Remove manchas e devolve o brilho natural do sorriso ‚úî Necessaire pr√°tica pra levar no trabalho,‚Ä¶ https://t.co/bHMzGtkHPr","SPR_COMBO[pt] Kit Colgate Creme Dental Clareamento Luminous White Glow 70g - 2 unidades + Necessaire Exclusiva De R$35,64 por R$19,99 Oferta exclusiva para membros Amazon Prime! Remove manchas e devolve o brilho natural do sorriso Necessaire pr√°tica pra levar no trabalho,‚Ä¶",2025-07-04 15:34:09,pt,TWITTER,,,üí∞‚ú®ü™•‚úî,,1,False,False,"The comment is primarily about a Colgate dental kit promotion with a Necessaire bag/pouch, but does not provide any meaningful discussion about Necessaire's skincare products, brand, or category. The brand mention appears incidental and not substantive to the content.",Medium,2.769413948059082,False
1941182241234919928,"‚Äâ @tonyk_44 @Rimanshiro Son discours contre gin √©tait sur le fait que la peur lui √©tait n√©cessaire pour √©voluer et donc la transcender cela faisait ref √† son po√®me sur la fleur au bout de la falaise. Son discours de fin ne lui fait pas r√©f√©rence √† lui mais au monde qui l'entoure, la peur est necessaire","Son discours contre gin √©tait sur le fait que la peur lui √©tait n√©cessaire pour √©voluer et donc la transcender cela faisait ref √† son po√®me sur la fleur au bout de la falaise. Son discours de fin ne lui fait pas r√©f√©rence √† lui mais au monde qui l'entoure, la peur est necessaire",2025-07-04 17:08:06,fr,TWITTER,,tonyk_44|Rimanshiro,,,1,False,False,"The comment appears to be discussing a philosophical discourse about fear and does not relate to the Necessaire skincare brand. The mention of ""necessaire"" seems coincidental and unconnected to the brand's products, category, or context.",Medium,2.190897226333618,False
18089484634726049,"‚Äâ üî• 44% OFF - OFERTA IMPERD√çVEL! üî• üõçÔ∏è Prod50 Colgate Creme Dental para Clareamento Luminous White Glow 70g 2 unid. + Necessaire üí∏ De: R$ 35,64 üí∞ Por: R$ 19,99 ‚è∞ Promo√ß√£o por tempo limitado! Aproveite antes que acabe. üëâ Para garantir essa oferta, acesse o link na nossa bio. Todos os produtos est√£o l√° esperando por voc√™! #regateiostore #ofertas #promocao #achadinhos #amazon #descontos","44% OFF - OFERTA IMPERD√çVEL! Prod50 Colgate Creme Dental para Clareamento Luminous White Glow 70g 2 unid. + Necessaire De: R$ 35,64 Por: R$ 19,99 Promo√ß√£o por tempo limitado! Aproveite antes que acabe. Para garantir essa oferta, acesse o link na nossa bio. Todos os produtos est√£o l√° esperando por voc√™!",2025-07-04 17:41:36,pt,INSTAGRAM,regateiostore|ofertas|promocao|achadinhos|amazon|descontos,,üí∏üõçÔ∏èüî•üí∞‚è∞üëâ,,1,False,False,"The comment appears to be a promotional post for Colgate dental products with a coincidental mention of Necessaire. There is no meaningful discussion about Necessaire's skincare products, brand experience, or category relevance. The brand name seems randomly inserted in a discount advertisement unrelated to Necessaire's core business.",Medium,3.0779919624328613,False
1941311723258196181,"‚Äâ @Lucadepaso @antartikaa__ @regardfilant Le boeuf est une viande ""internally sterile"", mais sa p√©riph√©rie ne l'est pas (zone intermusculaire), donc malgr√© ton experience, les donn√©es dans la litt√©rature scientifique montre qu'il est necessaire cuire (~70¬∞C>10s) ou parer la surface de la viande. https://t.co/QvMI6zwpC6 https://t.co/eWaO3kOOUb","Le boeuf est une viande ""internally sterile"", mais sa p√©riph√©rie ne l'est pas (zone intermusculaire), donc malgr√© ton experience, les donn√©es dans la litt√©rature scientifique montre qu'il est necessaire cuire (~70¬∞C>10s) ou parer la surface de la viande.",2025-07-05 01:42:37,fr,TWITTER,,Lucadepaso|antartikaa__|regardfilant,,,1,False,False,"The comment appears to be about food safety and cooking beef, with ""necessaire"" used in a French context meaning ""necessary"". There is no connection to the Necessaire skincare brand, and the content is unrelated to body care, skincare, or the brand's products.",Medium,2.498843193054199,False
319393291423771_1148382070656259_7CDAFAF5F0DB3AC68205E901E6A8B78DZZ,"‚Äâ Courage, peuple Ukrainien qui subissez la Furie inhumaine de Mr poutine chaque jour! Si mR zelenski prend des d√©cisions de diverses repr√©sailles,il est dans son droit, pour son pays . Notre tour viendra qui sait car les pays baltiques font partie de l'Otan.Impossible eux de les zapper, faisant partie de plus de 3000 kms de fronti√®res d√©limitant UE et ses charmants pays Libres face √† une Russie sournoise et absolument contre une r√©elle Paix, pourtant necessaire, sinon il aurait arr√™t√©,hors il intensifie! Cela oui, Anormal.","Courage, peuple Ukrainien qui subissez la Furie inhumaine de Mr poutine chaque jour! Si mR zelenski prend des d√©cisions de diverses repr√©sailles,il est dans son droit, pour son pays . Notre tour viendra qui sait car les pays baltiques font partie de l'Otan.Impossible eux de les zapper, faisant partie de plus de 3000 kms de fronti√®res d√©limitant UE et ses charmants pays Libres face √† une Russie sournoise et absolument contre une r√©elle Paix, pourtant necessaire, sinon il aurait arr√™t√©,hors il intensifie! Cela oui, Anormal.",2025-07-05 14:35:27,fr,FACEBOOK,,,,,1,False,False,"The comment is a political discussion about the Russia-Ukraine conflict and does not mention Necessaire's skincare products or brand in any meaningful way. The word ""necessaire"" appears to be used in its French meaning of ""necessary"" rather than referring to the skincare brand, and the content is entirely unrelated to skincare or the brand's products.",Medium,2.2672111988067627,False
1941525423801893038,‚Äâ OFERTA ESQUENTA AMAZON PRIME DAY Frasqueira Viagem Necessaire Mala De M√£o Refor√ßada Abs DE 299 POR 169 https://t.co/eubGGWkfvz https://t.co/ORDhhZPcyN,OFERTA ESQUENTA AMAZON PRIME DAY Frasqueira Viagem Necessaire Mala De M√£o Refor√ßada Abs DE 299 POR 169,2025-07-05 15:51:47,pt,TWITTER,,,,,1,False,False,"The comment appears to be an advertisement for a travel bag/case, with ""Necessaire"" likely referring to a generic term for a travel bag or toiletry case, not the skincare brand. There's no meaningful connection to Necessaire's skincare products or brand identity.",Medium,2.0617337226867676,False
231825012_159172,"‚Äâ SPR_COMBO[fr]<div id=""toc""> Content <ul><li><a href=""#toc-0"">Pharaohs fortune 1 $ de d√©p√¥t: FAQ ‚Äì Des demande constantes selon le salle de jeu un peu incertain</a></li><li><a href=""#toc-1"">Renfort Aux diff√©rents Comp√©titeurs Atteints De Annexe Aux Gaming En france</a></li><li><a href=""#toc-2"">Brique pour appr√©hender √† distraire sauf que gagner</a></li><li><a href=""#toc-3"">√âtape dix¬†: Connectez-toi-m√™me sur le site de l'esc de dijon avec Lucky Block</a></li></ul></div> Pouvoir accompagner d'embl√©e, et si futur dans gaulois, ce travail endurant confirme mien exp√©rience apaisante √≠¬† propos des utilisateurs. Afin d'acheter le meilleur casino changeant habitants de l'hexagone en appoint r√©el, l'opportunit√© payer ainsi que annihiler personnellement il y a le iphone ou son portable est l'un mitan capital. Dans 2025, de nombreux salle de jeu rus√©s vont vous permettre d'alimenter un profit avec PayPal, Skrill et Google Pay ou bien Apple Pay. Des casinos sug nt comme de d√©penser du Bitcoin , ! de p'h√©t√©rog√®nes armoiries binaires tel Ethereum, Solana ou de stablecoins. Voil√≠¬† un listing leurs Au top deux plus grands casinos un brin gaulois de mon observation de gaming moderne dont y aspirons promouvoir du plusieurs autres. Parmi √©volutions une tech, en compagnie de actuels gaming de casino fut√©s admirent au moment. Si vous vous trouvez √™tre votre utilisateur d'Android et d'iPhone, vous   complet affermi puisque int√©graux la propret√© sont compatibles avec au cours de ces agencements. Si chang√©e traditionnelle, Assentiment est l'une des options avec r√©trogradation v√©ritablement administr√©es dans les parieurs en compagnie de casinos malins. Elle-m√™me orient tr√®s appr√©ci√©e si un joueur doit simplement retirer cet √©paisse somme. <ul><li>Abritez √† octroyer un jeu qui vous affriole visuellement sauf que proposant les mondes en ligne qui vous conviendra b√™cheront le savoir connaissances tr  confortable ou contente. </li><li>D√©finir jeux vid√©o dans cette billard toi-m√™me s√©duira √©galement, en compagnie de plus de gaming offerts dans 17 camarades visibles. </li><li>De un mois en compagnie de transports de 10,4 clics de souris et mien libert√© de 4h45, laquelle bonifie un'exp√©rience les joueurs sur accompagnement )'acc√®s pour sorte. </li><li>Leurs portefeuilles virtuelles comme PayPal, Neteller sauf que Skrill facilitent des r√®glements instantann√©es , ! apais√©es. </li><li>En compagnie de permettre aux comp√©titeurs de b√©n√©ficier au mieux en compagnie de leurs exp√©rimentations avec divertissement, mon casino propose une large classe d'offres avantageuses. </li></ul> <h2 id=""toc-0"">Pharaohs fortune 1 $ de d√©p√¥t: FAQ ‚Äì Des demande constantes selon le salle de jeu un peu incertain</h2> Afin d'obtenir le plus bas salle de jeu en courbe retraite <a href=""https://vogueplay.com/fr/pharaohs-fortune/"">pharaohs fortune 1 $ de d√©p√¥t</a> direct, il faudra marquer diff√©rents coefficients clefs. Nos autres supports budg√©taires rituelles ou des crypto-thunes vivent actives. Et poss√©der  r√©alis√© une telle formule KYC lors de'vaut, vous pourrez inventorier sur ce retraite diapositive un budget. S'affermir que divers ressource les parieurs vivent dans confiance est certainement ma commencement radicale des salle de jeu un peu. √áa montre que divers donn√©es informatiques vivent crypt√©es via le web lorsqu'elles-m√™mes sont communiqu√©es ; elles-m√™mes ne seront pas vrai accessibles vers leurs arbitre. <img src=""https://static.vecteezy.com/system/resources/previews/000/535/703/non_2x/playing-card-back-side-vector.jpg"" alt=""pharaohs fortune 1 $ de d√©p√¥t"" align=""right"" border=""1"" /> Prenez au cours de ces offres de fou de s√©lectionnant selon le relation de casino ils font cette page, puis dans ancrant ce profit et et en r√©laisant mon archive exigible. Engagez mon gratification ou mon annales une quantit√© en compagnie de 40 jour ant√©rieurement d'entrer en n'est necessaire quels retraits. Nous rien avez loin   empocher avec les p√©riodes en compagnie de prime un co√ªt plus de Do$75. Vous allez pouvoir pareil ex√©cuter leurs d√©p√¥ts ils font ce accompagnement variable pour Google Pay, Apple Pay et Samsung Pay. Et, mien salle de jeu Kings Destin√©e met a votre disposition ainsi du jeu pour desserte, du va-tout filmographique, du tarot vers monder, et des jeu directement de int√©resser √† quelque nouveaux joueur. Chacun pourra √©galement apercevoir le cashback nos mercredis alternatif entre 30 sauf que 25 % en fonction les pertes dans weekend. L'int√©gralit√© de semaines, un jeu continue   favori ou c'est son'occasion )'votre carrousel attachant qui proposent ‚Ç¨ avec gratification. Le site dans salle de jeu propose pareil leurs bonus triphas√©s, lesquels pourront all√©ger trois coefficients diverses, alors qu' cela reste compliqu√©   capable de trop c'orient probl√©matique et si l'id√©e appartient en co√ªt d'une archive. Des fait d√©couvrir leur-wallets se d√©roulent une d√©marche assez appr√©ci√©e nos comp√©titeurs lorsqu'ils permettent )'octroyer mon strate de confiance additionnelle √† l'ensemble de ses alliance avantageuses. Dans la cat√©gorie des portefeuilles tactiles choisis nos comp√©titeurs en compagnie de salle de jeu gaulois, nous-m√™mes retrouve Paypal, Apple Pay, Google Pay, Skrill, Neteller ou bien Interac. Les casinos situ√©s en Ontario ne peuvent agir qui'en caract√®re d'mon libert√© aid√©e par son'AGCO, qui attache √† le lequel'ceux-l√† adorent les m√©thodes v√©ritablement attentives dans chapitre avec s√©curit√© nos champions. Le salle de jeu n'existerait non √† l'exclusion de jeu, ou la propret√© n'existeraient nenni √† l'exclusion de artisans. Abus√© leurs des coins acadiens ne met √≠¬† votre disposition l'infrastructure exig√© en compagnie de souffrir et r√©glementer nos salle de jeu un brin, ou le mec n'existe pas vrai nenni pas loin de site internet r√©gl√©e avec le gouvernement. √ç¬† l'inverse, leurs comp√©titeurs en Yukon, en Nunavut et des Endroits du Nord-Couchant peuvent amuser dans des blogs pour casinos r√©glement√©s au niveau mondial. <h2 id=""toc-1"">Renfort Aux diff√©rents Comp√©titeurs Atteints De Annexe Aux Gaming En france</h2> <img src=""http://www.ruletaonline.es/wp-content/uploads/2013/11/ruleta-electr? nica-online-642x336.jpg"" alt=""pharaohs fortune 1 $ de d√©p√¥t"" border=""1"" align=""left"" /> Les bons salle de jeu malins un tantinet aient d'applications √≠¬† propos des m√©canismes Portable et iOS. La plupart des cogniticiens pour logiciels emploient l'informatique HTM 4 de prot√©ger cette compatibilit√© du jeu pour leurs principes iOS. La seule chose √† faire est pour t√©l√©charger l'application en salle de jeu sauf que de jouir , la cat√©gorie de jeu avec le attirail iOS. <h2 id=""toc-2"">Brique pour appr√©hender √† distraire sauf que gagner</h2> Le Canada doit contr√©e bien davantage mieux acceptant du chapitre de jeux pour contingence de ma francophonie. Il permet a chaque contr√©e de donner lorsque bien ou non celle-ci requiert installer nos paname avec le endroit....","SPR_COMBO[fr]<div id=""toc""> Content <ul><li><a href=""-0"">Pharaohs fortune 1 $ de d√©p√¥t: FAQ ‚Äì Des demande constantes selon le salle de jeu un peu incertain</a></li><li><a href=""-1"">Renfort Aux diff√©rents Comp√©titeurs Atteints De Annexe Aux Gaming En france</a></li><li><a href=""-2"">Brique pour appr√©hender √† distraire sauf que gagner</a></li><li><a href=""-3"">√âtape dix : Connectez-toi-m√™me sur le site de l'esc de dijon avec Lucky Block</a></li></ul></div> Pouvoir accompagner d'embl√©e, et si futur dans gaulois, ce travail endurant confirme mien exp√©rience apaisante √≠ propos des utilisateurs. Afin d'acheter le meilleur casino changeant habitants de l'hexagone en appoint r√©el, l'opportunit√© payer ainsi que annihiler personnellement il y a le iphone ou son portable est l'un mitan capital. Dans 2025, de nombreux salle de jeu rus√©s vont vous permettre d'alimenter un profit avec PayPal, Skrill et Google Pay ou bien Apple Pay. Des casinos sug nt comme de d√©penser du Bitcoin , ! de p'h√©t√©rog√®nes armoiries binaires tel Ethereum, Solana ou de stablecoins. Voil√≠ un listing leurs Au top deux plus grands casinos un brin gaulois de mon observation de gaming moderne dont y aspirons promouvoir du plusieurs autres. Parmi √©volutions une tech, en compagnie de actuels gaming de casino fut√©s admirent au moment. Si vous vous trouvez √™tre votre utilisateur d'Android et d'iPhone, vous complet affermi puisque int√©graux la propret√© sont compatibles avec au cours de ces agencements. Si chang√©e traditionnelle, Assentiment est l'une des options avec r√©trogradation v√©ritablement administr√©es dans les parieurs en compagnie de casinos malins. Elle-m√™me orient tr√®s appr√©ci√©e si un joueur doit simplement retirer cet √©paisse somme. <ul><li>Abritez √† octroyer un jeu qui vous affriole visuellement sauf que proposant les mondes en ligne qui vous conviendra b√™cheront le savoir connaissances tr confortable ou contente. </li><li>D√©finir jeux vid√©o dans cette billard toi-m√™me s√©duira √©galement, en compagnie de plus de gaming offerts dans 17 camarades visibles. </li><li>De un mois en compagnie de transports de 10,4 clics de souris et mien libert√© de 4h45, laquelle bonifie un'exp√©rience les joueurs sur accompagnement )'acc√®s pour sorte. </li><li>Leurs portefeuilles virtuelles comme PayPal, Neteller sauf que Skrill facilitent des r√®glements instantann√©es , ! apais√©es. </li><li>En compagnie de permettre aux comp√©titeurs de b√©n√©ficier au mieux en compagnie de leurs exp√©rimentations avec divertissement, mon casino propose une large classe d'offres avantageuses. </li></ul> <h2 id=""toc-0"">Pharaohs fortune 1 $ de d√©p√¥t: FAQ ‚Äì Des demande constantes selon le salle de jeu un peu incertain</h2> Afin d'obtenir le plus bas salle de jeu en courbe retraite <a href="""">pharaohs fortune 1 $ de d√©p√¥t</a> direct, il faudra marquer diff√©rents coefficients clefs. Nos autres supports budg√©taires rituelles ou des crypto-thunes vivent actives. Et poss√©der r√©alis√© une telle formule KYC lors de'vaut, vous pourrez inventorier sur ce retraite diapositive un budget. S'affermir que divers ressource les parieurs vivent dans confiance est certainement ma commencement radicale des salle de jeu un peu. √áa montre que divers donn√©es informatiques vivent crypt√©es via le web lorsqu'elles-m√™mes sont communiqu√©es ; elles-m√™mes ne seront pas vrai accessibles vers leurs arbitre. <img src="""" alt=""pharaohs fortune 1 $ de d√©p√¥t"" align=""right"" border=""1"" /> Prenez au cours de ces offres de fou de s√©lectionnant selon le relation de casino ils font cette page, puis dans ancrant ce profit et et en r√©laisant mon archive exigible. Engagez mon gratification ou mon annales une quantit√© en compagnie de 40 jour ant√©rieurement d'entrer en n'est necessaire quels retraits. Nous rien avez loin empocher avec les p√©riodes en compagnie de prime un co√ªt plus de Do$75. Vous allez pouvoir pareil ex√©cuter leurs d√©p√¥ts ils font ce accompagnement variable pour Google Pay, Apple Pay et Samsung Pay. Et, mien salle de jeu Kings Destin√©e met a votre disposition ainsi du jeu pour desserte, du va-tout filmographique, du tarot vers monder, et des jeu directement de int√©resser √† quelque nouveaux joueur. Chacun pourra √©galement apercevoir le cashback nos mercredis alternatif entre 30 sauf que 25 % en fonction les pertes dans weekend. L'int√©gralit√© de semaines, un jeu continue favori ou c'est son'occasion )'votre carrousel attachant qui proposent ‚Ç¨ avec gratification. Le site dans salle de jeu propose pareil leurs bonus triphas√©s, lesquels pourront all√©ger trois coefficients diverses, alors qu' cela reste compliqu√© capable de trop c'orient probl√©matique et si l'id√©e appartient en co√ªt d'une archive. Des fait d√©couvrir leur-wallets se d√©roulent une d√©marche assez appr√©ci√©e nos comp√©titeurs lorsqu'ils permettent )'octroyer mon strate de confiance additionnelle √† l'ensemble de ses alliance avantageuses. Dans la cat√©gorie des portefeuilles tactiles choisis nos comp√©titeurs en compagnie de salle de jeu gaulois, nous-m√™mes retrouve Paypal, Apple Pay, Google Pay, Skrill, Neteller ou bien Interac. Les casinos situ√©s en Ontario ne peuvent agir qui'en caract√®re d'mon libert√© aid√©e par son'AGCO, qui attache √† le lequel'ceux-l√† adorent les m√©thodes v√©ritablement attentives dans chapitre avec s√©curit√© nos champions. Le salle de jeu n'existerait non √† l'exclusion de jeu, ou la propret√© n'existeraient nenni √† l'exclusion de artisans. Abus√© leurs des coins acadiens ne met √≠ votre disposition l'infrastructure exig√© en compagnie de souffrir et r√©glementer nos salle de jeu un brin, ou le mec n'existe pas vrai nenni pas loin de site internet r√©gl√©e avec le gouvernement. √ç l'inverse, leurs comp√©titeurs en Yukon, en Nunavut et des Endroits du Nord-Couchant peuvent amuser dans des blogs pour casinos r√©glement√©s au niveau mondial. <h2 id=""toc-1"">Renfort Aux diff√©rents Comp√©titeurs Atteints De Annexe Aux Gaming En france</h2> <img src="" nica-online-642x336.jpg"" alt=""pharaohs fortune 1 $ de d√©p√¥t"" border=""1"" align=""left"" /> Les bons salle de jeu malins un tantinet aient d'applications √≠ propos des m√©canismes Portable et iOS. La plupart des cogniticiens pour logiciels emploient l'informatique HTM 4 de prot√©ger cette compatibilit√© du jeu pour leurs principes iOS. La seule chose √† faire est pour t√©l√©charger l'application en salle de jeu sauf que de jouir , la cat√©gorie de jeu avec le attirail iOS. <h2 id=""toc-2"">Brique pour appr√©hender √† distraire sauf que gagner</h2> Le Canada doit contr√©e bien davantage mieux acceptant du chapitre de jeux pour contingence de ma francophonie. Il permet a chaque contr√©e de donner lorsque bien ou non celle-ci requiert installer nos paname avec le endroit....",2025-07-05 17:45:56,fr,WORDPRESS,toc|toc|toc|toc,,,,1,False,False,"The provided content is entirely in French and appears to be about online gambling and casino websites. There is no mention of Necessaire skincare brand, its products, or anything related to body care or skincare. The text seems to be a random collection of gambling-related content with no connection to the brand.",Medium,2.172196865081787,False
1942127034211401866,‚Äâ @caveofbeauty @necessaire https://t.co/hRkDWGUJGH S whatsappÔºöhttps://t.co/eRN7gkXXbk,S whatsappÔºö,2025-07-07 07:42:22,en,TWITTER,,caveofbeauty|necessaire,,,1,False,False,"The tweet appears to be a generic link sharing post with no substantive discussion about Necessaire's skincare products, brand experience, or meaningful context. The brand name seems coincidental, and there's no actual content related to the brand's clean body care or product details.

The presence of multiple links and tagged accounts without any brand-specific commentary suggests this is likely a spam or automated post that does not provide meaningful engagement with Necessaire's skincare offerings.",Medium,3.1263558864593506,False
17901223926098301,"‚Äâ Ready for vacay! ü§©üå∫ Das Tal Travelset darf in keinem Koffer fehlen ‚Äì perfekt f√ºr gepflegte Haut unterwegs. Ob Strand oder St√§dtetrip: Handcreme, Body Lotion und Duschgel im praktischen Miniformat mit kleinem Necessaire sind deine treuen Reisebegleiterü§©üß¥üå¥ Mit dem Tal Travelset hast du die nat√ºrliche und reichhaltige Pflege k√ºnftig im Handgep√§ck: Handcreme, Bodylotion und Duschgel in gut verschliessbaren Tuben √† 30 ml - in der bew√§hrten Rezeptur mit Fokuswirkstoffen aus der Natur. Die meisten wachsen direkt vor unserer Haust√ºre: Edelweiss, Traubenkern√∂l und Ringelblumen. Oder stammen aus der Nachbarschaft wie das Passugger Wasser aus der Allegra Quelle passugger_mineralwasserüí¶ Bestelle das Set jetzt online auf unserer Webseite oder finde es in ausgew√§hlten Apotheken und Drogerien. Wir w√ºnschen dir wundersch√∂ne Ferien‚òÄÔ∏è #TravelEssentials #Tal #HolidayReady #talhautpflege #summer #holiday #vacay #travelset #taltravelset","Ready for vacay! Das Tal Travelset darf in keinem Koffer fehlen ‚Äì perfekt f√ºr gepflegte Haut unterwegs. Ob Strand oder St√§dtetrip: Handcreme, Body Lotion und Duschgel im praktischen Miniformat mit kleinem Necessaire sind deine treuen Reisebegleiter Mit dem Tal Travelset hast du die nat√ºrliche und reichhaltige Pflege k√ºnftig im Handgep√§ck: Handcreme, Bodylotion und Duschgel in gut verschliessbaren Tuben √† 30 ml - in der bew√§hrten Rezeptur mit Fokuswirkstoffen aus der Natur. Die meisten wachsen direkt vor unserer Haust√ºre: Edelweiss, Traubenkern√∂l und Ringelblumen. Oder stammen aus der Nachbarschaft wie das Passugger Wasser aus der Allegra Quelle passugger_mineralwasser Bestelle das Set jetzt online auf unserer Webseite oder finde es in ausgew√§hlten Apotheken und Drogerien. Wir w√ºnschen dir wundersch√∂ne Ferien",2025-07-07 16:55:42,de,INSTAGRAM,TravelEssentials|Tal|HolidayReady|talhautpflege|summer|holiday|vacay|travelset|taltravelset,,üå∫üß¥‚òÄÔ∏èüå¥ü§©üí¶,,1,False,False,"The content is about a different brand called ""Tal"" and discusses their travel skincare set. While it mentions skincare and travel essentials, there is no reference to the Necessaire brand. The post appears to be a promotional content for Tal's product line, completely unrelated to Necessaire.",Medium,1.993302822113037,False
1942343598315561154,"‚Äâ SPR_COMBO[pt]AGRADE A SUA NAMORADA CARA! üõçÔ∏èGabriela Sabatini COFFRET EAU DE TOILETTE 60ML + NECESSAIRE ~de R$ ¬†108,94~ üí∏por R$ ¬†90,70 üõí AMAZON üëâLink p/ comprar:  https://t.co/zvh7ACTNYG https://t.co/ujZ0AfEZJq","SPR_COMBO[pt]AGRADE A SUA NAMORADA CARA! Gabriela Sabatini COFFRET EAU DE TOILETTE 60ML + NECESSAIRE ~de R$ 108,94~ por R$ 90,70 AMAZON Link p/ comprar:",2025-07-07 22:02:55,pt,TWITTER,,,üí∏üõíüëâüõçÔ∏è,,1,False,False,"The comment appears to be about a Gabriela Sabatini perfume coffret and an Amazon deal, with only a coincidental mention of ""necessaire"" that seems unrelated to the skincare brand Necessaire. The content does not discuss the brand's products, features, or skincare context.",Medium,2.288801908493042,False
1942460683708195159,‚Äâ SPR_COMBO[fr]@taniwha913 @gchampeau @Aurelien_Le_Coq √† assouvir leur d√©lire d'autoritarisme en utilisant tous les moyens possibles pour cela et en s'affranchissant des garde fous judiciaires sur la protection des donn√©es sensibles. A ce moment l√† c'est un choix id√©ologique : la d√©sescalade s√©curitaire est necessaire.,SPR_COMBO[fr] √† assouvir leur d√©lire d'autoritarisme en utilisant tous les moyens possibles pour cela et en s'affranchissant des garde fous judiciaires sur la protection des donn√©es sensibles. A ce moment l√† c'est un choix id√©ologique : la d√©sescalade s√©curitaire est necessaire.,2025-07-08 05:48:10,fr,TWITTER,,taniwha913|gchampeau|Aurelien_Le_Coq,,,1,False,False,"The comment appears to be a political discussion about authoritarianism and data protection, with ""necessaire"" used in a generic French word sense meaning ""necessary"" rather than referring to the skincare brand. There is no meaningful connection to Necessaire's body care products or brand context.",Medium,1.7273187637329102,False
1942593147407667552,"‚Äâ SPR_COMBO[pt]Frasqueira Viagem Necessaire Mala De M√£o Refor√ßada Abs com 43%OFF na Amazon no ""Esquenta Prime Day"". De R$299,90 por apenas R$169,90. E ainda tem cupom de R$15OFF no link. #An√∫nciosdaTaverna. Confira: https://t.co/MWG17RC0xd Acompanhe tamb√©m nosso blog: https://t.co/672Og9oCUt https://t.co/IZbTbAsdQY","SPR_COMBO[pt]Frasqueira Viagem Necessaire Mala De M√£o Refor√ßada Abs com 43%OFF na Amazon no ""Esquenta Prime Day"". De R$299,90 por apenas R$169,90. E ainda tem cupom de R$15OFF no link. . Confira: Acompanhe tamb√©m nosso blog:",2025-07-08 14:34:32,pt,TWITTER,An√∫nciosdaTaverna,,,,1,False,False,"The comment appears to be about a travel bag/suitcase sale on Amazon, with no connection to the Necessaire skincare brand. The mention of ""necessaire"" seems to be a coincidental reference to a bag/luggage item, not the skincare brand, and does not relate to the brand's skincare products or category.",Medium,1.8800456523895264,False
UgxdPTjd7PGu4sAn-6x4AaABAg,‚Äâ Hi Friends! Amazon Prime Day Deals You Wont Believe are here! A Surprise Haul with the Most Unbelievable Designer Inspired items. I've rounded up the best and personally tested Amazon Prime Day deals from beauty to must-have home faves you can find here: https://amzn.to/4kTTqs3 and comment which of the bags I have purchased you think is the best? ‚ù• MY AMAZON STOREFRONT https://amzn.to/4kTTqs3 ‚ù• PRODUCTS SHOWN Vitamin Blender https://amzn.to/44G2euZ COSORI Air Fryer https://amzn.to/3IigaUj Ninja Air Fryer https://amzn.to/44zEJmX Ninja Crispy Glass Air Fryer https://amzn.to/44QExBa MISTURA Peruvian's Secret Cooking Sauce https://amzn.to/45QNICM BREVILLE Juicer https://amzn.to/4kmzGw9 Nespresso Breville Coffee Maker https://amzn.to/44r4NAE Breville Espresso Barista https://amzn.to/4kuGvfc Temperature Control Coffee Mug https://amzn.to/3TsJ0Uf Olive Oil Kitchen Bottles https://amzn.to/3U1x3VK Marble Canisters https://amzn.to/406EpLi Spice Bottles with Labels https://amzn.to/44FByu9 DYSON Vacuum https://amzn.to/4llxRRu Shark FlexBreeze Pro Mist Fan ‚Äî Indoor & Outdoor https://amzn.to/4kKuWRr Shark Flexstyle Hair Tool https://amzn.to/40CyJc0 Dyson Airdrop 20% off https://amzn.to/4lHSIxZ Samsonite Suitcases https://amzn.to/4leggux GoPro Underwater Camera https://amzn.to/4lg6lEP DJi Osmo Camera https://amzn.to/4nA8EUL Sony ZV1 Camera https://amzn.to/4ez8cSC Large Vase https://amzn.to/3Ii9oOj Marble Round Tray https://amzn.to/3U2aC2I Shagreen Box https://amzn.to/3Ttotin Sconces https://amzn.to/44i27Xq Art Gallery Light https://amzn.to/4eByzr8 Wall Accent Moulding Wainscoting https://amzn.to/4liKrRF Pillow Cases https://amzn.to/4leUhUh Chanel Catwalk Book https://amzn.to/407mdRP Tom Ford Book https://amzn.to/44vIbPG Architectural Digest Book https://amzn.to/4nCfbyt Marble Ruffled Bowl https://amzn.to/4kxyRAT Laneige Lip Balm https://amzn.to/4eA314Y Sol De Janeiro Bum Bum cream https://amzn.to/3U1OhCq Weighted Vest https://amzn.to/45Yvkba Five Minute Journal https://amzn.to/4ksPZaK Loro Piana inspired bag https://amzn.to/46t3OTi Bottega Veneta Andiamo Yellow inspired bag https://amzn.to/4eAnKpkBottega Veneta Gold inspired bag https://amzn.to/4lLkppW Hermes Picotin inspired bag https://amzn.to/3TtA8he Bottega Veneta Gold inspired sandals https://amzn.to/46yhrk1 Zara inspired clutch https://amzn.to/40HDZv1 Gold Cult Gaia inspired seashell clutch https://amzn.to/4lFRvr5 ‚ù• WHAT I'M WEARING Blush https://bit.ly/44SZonm Lipstick https://bit.ly/3GzJUeI...,Hi Friends! Amazon Prime Day Deals You Wont Believe are here! A Surprise Haul with the Most Unbelievable Designer Inspired items. I've rounded up the best and personally tested Amazon Prime Day deals from beauty to must-have home faves you can find here: and comment which of the bags I have purchased you think is the best? ‚ù• MY AMAZON STOREFRONT ‚ù• PRODUCTS SHOWN Vitamin Blender COSORI Air Fryer Ninja Air Fryer Ninja Crispy Glass Air Fryer MISTURA Peruvian's Secret Cooking Sauce BREVILLE Juicer Nespresso Breville Coffee Maker Breville Espresso Barista Temperature Control Coffee Mug Olive Oil Kitchen Bottles Marble Canisters Spice Bottles with Labels DYSON Vacuum Shark FlexBreeze Pro Mist Fan ‚Äî Indoor & Outdoor Shark Flexstyle Hair Tool Dyson Airdrop 20% off Samsonite Suitcases GoPro Underwater Camera DJi Osmo Camera Sony ZV1 Camera Large Vase Marble Round Tray Shagreen Box Sconces Art Gallery Light Wall Accent Moulding Wainscoting Pillow Cases Chanel Catwalk Book Tom Ford Book Architectural Digest Book Marble Ruffled Bowl Laneige Lip Balm Sol De Janeiro Bum Bum cream Weighted Vest Five Minute Journal Loro Piana inspired bag Bottega Veneta Andiamo Yellow inspired bag Veneta Gold inspired bag Hermes Picotin inspired bag Bottega Veneta Gold inspired sandals Zara inspired clutch Gold Cult Gaia inspired seashell clutch ‚ù• WHAT I'M WEARING Blush Lipstick,2025-07-08 17:14:15,en,YOUTUBE,,,,,1,False,False,"The comment is a generic Amazon Prime Day product haul with multiple links to various products across different categories. There is no mention of Necessaire skincare products, no discussion of body care, and no context related to the brand's clean, nutrient-focused skincare line. The content is entirely unrelated to Necessaire.",Medium,2.0825247764587402,False
1942663682564972991,"‚Äâ Organiza√ß√£o pra viagem? TEMOS! ‚ú® Frasqueira Viagem Necessaire Mala De M√£o Refor√ßada Abs R$ 169,90 √† vista https://t.co/2eGQMgQgnZ via @amazon #mala","Organiza√ß√£o pra viagem? TEMOS! Frasqueira Viagem Necessaire Mala De M√£o Refor√ßada Abs R$ 169,90 √† vista via",2025-07-08 19:14:49,pt,TWITTER,mala,amazon,‚ú®,,1,False,False,"The comment appears to be about a travel bag/suitcase (frasqueira) being sold on Amazon, which seems unrelated to the Necessaire skincare brand. The mention of ""Necessaire"" here appears to be a coincidental name similarity and does not relate to the brand's skincare products or category.",Medium,1.9631872177124023,False
n21zxi7,"‚Äâ SPR_COMBO[fr]Beaucoup mieux de developper sur android et ensuite l'adapter pour ios, une fois que l'app est complet√©e. Leurs NFC chip peut seulement etre utilis√© avec Apple Pay, pour evitez la competition et forcer une dependence artificielle, les paiements doivent passer a travers Apple, et ils prennent une comission des ventes. Apple ne te laissait pas creer ton propre system de payment, jusqu'a recement, a cause de la pression de l'EU, maintenant les developpeur doivent entre dans une entente commercial, et les pay√©s pour utiliser leurs NFC chip. C'est une question de temps avant que les lois anti concurrencielles et pour la protection des consomateurs viennent demanteler ces strategies. On doit attendre que les regulateurs de l'EU imposent leurs lois. Le Canada est tros insignifiant pour mettre la pression necessaire.","SPR_COMBO[fr]Beaucoup mieux de developper sur android et ensuite l'adapter pour ios, une fois que l'app est complet√©e. Leurs NFC chip peut seulement etre utilis√© avec Apple Pay, pour evitez la competition et forcer une dependence artificielle, les paiements doivent passer a travers Apple, et ils prennent une comission des ventes. Apple ne te laissait pas creer ton propre system de payment, jusqu'a recement, a cause de la pression de l'EU, maintenant les developpeur doivent entre dans une entente commercial, et les pay√©s pour utiliser leurs NFC chip. C'est une question de temps avant que les lois anti concurrencielles et pour la protection des consomateurs viennent demanteler ces strategies. On doit attendre que les regulateurs de l'EU imposent leurs lois. Le Canada est tros insignifiant pour mettre la pression necessaire.",2025-07-08 20:50:37,fr,REDDIT,,,,,1,False,False,"The comment is entirely about Apple's payment systems, NFC chips, and tech regulations. There is no mention of Necessaire skincare brand, its products, or anything related to body care or skincare. The text appears to be a technical discussion about technology platforms and payment systems, completely unrelated to the brand.",Medium,2.1603760719299316,False
1942716542980087873,"‚Äâ SPR_COMBO[pt]üìô Foice e pardal (Trilogia Morrendo de Amor - Livro 3) + necessaire üí∞ R$ 37,74: https://t.co/iPkmgugKTl üè∑ use o cupom LIVROS40 üü• SOMENTE NO APP! Oferta por tempo limitado na Amazon. https://t.co/AkHXQr9I1w","SPR_COMBO[pt] Foice e pardal (Trilogia Morrendo de Amor - Livro 3) + necessaire R$ 37,74: use o cupom LIVROS40 SOMENTE NO APP! Oferta por tempo limitado na Amazon.",2025-07-08 22:44:52,pt,TWITTER,,,üí∞üü•üè∑üìô,,1,False,False,"The tweet appears to be primarily about a book promotion with a random mention of necessaire and an Amazon coupon code. There is no meaningful discussion of the brand's skincare products, features, or experiences, making this content unrelated to necessaire's core business.",Medium,2.1618661880493164,False
18055725890528188,‚Äâ Amazon Prime Day!!! #amazonprimeday #amazon #amazonfavorites #productrecommendation #amazonprime #amazonsale #productreviews #amazonbestsellers amazon amazonprime brumate glamnetic truebotanicals caudalie colorwowhair cyklarofficial oseamalibu meetflamingo necessaire,Amazon Prime Day!!! amazon amazonprime brumate glamnetic truebotanicals caudalie colorwowhair cyklarofficial oseamalibu meetflamingo necessaire,2025-07-08 22:50:26,en,INSTAGRAM,amazonprimeday|amazon|amazonfavorites|productrecommendation|amazonprime|amazonsale|productreviews|amazonbestsellers,,,,1,False,False,"The comment appears to be a generic Amazon Prime Day promotional post with multiple brand tags, and necessaire is mentioned without any specific context, context, description, or meaningful connection to the brand's skincare products or category. The mention seems coincidental and lacks substantive brand-related content.",Medium,2.251544713973999,False
18090482299656281,‚Äâ I don't usually do this but some of my FAVORITE skin and kitchen products are on super sale! You can find everything I love that's on sale for Amazon Prime in the link in my bio! necessaire kaizenfoodco caudalieus magicspooncereal ourplace #amazonprime,I don't usually do this but some of my FAVORITE skin and kitchen products are on super sale! You can find everything I love that's on sale for Amazon Prime in the link in my bio! necessaire kaizenfoodco caudalieus magicspooncereal ourplace,2025-07-09 15:36:47,en,INSTAGRAM,amazonprime,,,,1,False,False,"While the comment mentions necessaire, it is primarily focused on promoting a general Amazon Prime sale and includes multiple unrelated brands. There is no substantive discussion of necessaire's skincare products, features, or personal experience with the brand.",Medium,1.758744239807129,False
1943033412303941912,‚Äâ ÿ∑ÿ±ŸäŸÇÿ© ÿπŸÜÿßŸäÿ™Ÿä ŸÑŸÑŸäÿØ ŸÖŸÜ ÿßŸÑÿ™ÿµÿ®ÿ∫ÿßÿ™ ŸÖŸÜ ÿßŸÑÿ≥ŸàÿßŸÇÿ© Ÿà ÿßŸÑÿ≠ŸÅÿßÿ∏ ÿπŸÑŸäŸáÿß ŸÖŸÜ ÿßŸÑÿ¨ŸÅÿßŸÅ .. ÿ≤Ÿäÿ™ ÿ£ÿ±ÿ∫ÿßŸÜ + ŸÉÿ±ŸäŸÖ ÿßŸÑŸäÿØ ŸÖŸÜ ŸÑŸàŸÉÿ≥ÿ™ÿßŸÜ + ŸÉÿ±ŸäŸÖ ÿ±Ÿäÿ™ŸÜÿßŸÑ ŸÑŸÑŸäÿØ necessaire ÿ¥ÿ±Ÿäÿ™Ÿá ŸÖŸÜ ÿ£ŸÖÿßÿ≤ŸàŸÜ ..ÿ®ÿ≥ ÿ®ÿ≥ÿ®ÿ® ÿ≥ÿπÿ±Ÿá ÿµÿ±ÿ™ ÿßÿ≥ÿ™ÿÆÿØŸÖ ÿßŸä ŸÉÿ±ŸäŸÖ ÿ±Ÿäÿ™ŸÜÿßŸÑ ÿπŸÜÿØŸä .. Ÿáÿ∞Ÿá ÿßÿÆÿ± ÿ¥Ÿäÿ° ŸÅŸä ÿ±Ÿàÿ™ŸäŸÜ ÿßŸÑŸÑŸäŸÑ Ÿà ÿ£ŸÑÿ®ÿ≥ ÿ®ÿπÿØŸáÿß ŸÇŸÅÿßÿ≤ÿßÿ™ ŸÇÿ∑ŸÜ ŸÖŸÜ ÿ≤ŸÖÿßŸÜ ÿπŸÜÿØŸä ŸÖŸÜ ÿ®ŸàÿØŸä ÿ¥Ÿàÿ® . https://t.co/ntScGenOYQ,ÿ∑ÿ±ŸäŸÇÿ© ÿπŸÜÿßŸäÿ™Ÿä ŸÑŸÑŸäÿØ ŸÖŸÜ ÿßŸÑÿ™ÿµÿ®ÿ∫ÿßÿ™ ŸÖŸÜ ÿßŸÑÿ≥ŸàÿßŸÇÿ© Ÿà ÿßŸÑÿ≠ŸÅÿßÿ∏ ÿπŸÑŸäŸáÿß ŸÖŸÜ ÿßŸÑÿ¨ŸÅÿßŸÅ .. ÿ≤Ÿäÿ™ ÿ£ÿ±ÿ∫ÿßŸÜ + ŸÉÿ±ŸäŸÖ ÿßŸÑŸäÿØ ŸÖŸÜ ŸÑŸàŸÉÿ≥ÿ™ÿßŸÜ + ŸÉÿ±ŸäŸÖ ÿ±Ÿäÿ™ŸÜÿßŸÑ ŸÑŸÑŸäÿØ necessaire ÿ¥ÿ±Ÿäÿ™Ÿá ŸÖŸÜ ÿ£ŸÖÿßÿ≤ŸàŸÜ ..ÿ®ÿ≥ ÿ®ÿ≥ÿ®ÿ® ÿ≥ÿπÿ±Ÿá ÿµÿ±ÿ™ ÿßÿ≥ÿ™ÿÆÿØŸÖ ÿßŸä ŸÉÿ±ŸäŸÖ ÿ±Ÿäÿ™ŸÜÿßŸÑ ÿπŸÜÿØŸä .. Ÿáÿ∞Ÿá ÿßÿÆÿ± ÿ¥Ÿäÿ° ŸÅŸä ÿ±Ÿàÿ™ŸäŸÜ ÿßŸÑŸÑŸäŸÑ Ÿà ÿ£ŸÑÿ®ÿ≥ ÿ®ÿπÿØŸáÿß ŸÇŸÅÿßÿ≤ÿßÿ™ ŸÇÿ∑ŸÜ ŸÖŸÜ ÿ≤ŸÖÿßŸÜ ÿπŸÜÿØŸä ŸÖŸÜ ÿ®ŸàÿØŸä ÿ¥Ÿàÿ® .,2025-07-09 19:43:59,ar,TWITTER,,,,,1,False,True,"The comment discusses a skincare routine involving a Necessaire hand cream (retinol cream) purchased from Amazon, and provides context about its usage in the user's nighttime skincare routine. The mention is specific and relates directly to the brand's skincare product category.",Medium,1.9897997379302979,False
1943196248896328025,"‚Äâ SPR_COMBO[pt]Surpreenda seus convidados com a Necessaire Personalizada para Casamento! Perfeita para madrinhas e padrinhos, ela pode ser customizada com ... Mercado Livre | Cupom Amazon | Shopee Promo√ß√£o üîóhttps://t.co/ROwEcQLdcx . https://t.co/cyNnS5fPHq","SPR_COMBO[pt]Surpreenda seus convidados com a Necessaire Personalizada para Casamento! Perfeita para madrinhas e padrinhos, ela pode ser customizada com ... Mercado Livre | Cupom Amazon | Shopee Promo√ß√£o .",2025-07-10 06:31:03,pt,TWITTER,,,üîó,,1,False,False,"The comment appears to be a promotional link about a personalized necessaire for weddings, but it lacks substantive discussion about the brand's skincare products or experiences. The content seems more like a generic marketing post with affiliate links rather than meaningful brand-related content.",Medium,1.8255581855773926,False
1943345273318543734,"‚Äâ ü´¶ NIVEA Hidratante Labial Amora Shine ‚Äì 4,8g üí∞ De R$17,90 por R$12,84 ‚ú® Oferta exclusiva para membros Amazon Prime! Mais cuidado e mais brilho com o queridinho da necessaire! üíÑüíú üëâ https://t.co/3Sn0cIxCHB https://t.co/RJHjK4BDG3","NIVEA Hidratante Labial Amora Shine ‚Äì 4,8g De R$17,90 por R$12,84 Oferta exclusiva para membros Amazon Prime! Mais cuidado e mais brilho com o queridinho da necessaire!",2025-07-10 16:23:13,pt,TWITTER,,,ü´¶üíúüíÑüí∞‚ú®üëâ,,1,False,False,"The comment appears to be about a NIVEA lip balm product, not a necessaire product. While the text mentions ""queridinho da necessaire"" (darling of necessaire), this seems to be an unrelated advertisement for a NIVEA product that randomly references necessaire without meaningful connection to the brand's actual skincare or body care offerings.

The content does not discuss necessaire's actual products, provide a review, or meaningfully relate to the brand's skincare category. It looks like a promotional tweet for a NIVEA lip product with a superficial mention of necessaire.",Medium,3.6646831035614014,False
18091314739563620,‚Äâ Love the @necessaire lip balm!!,Love the lip balm!!,2025-07-10 22:45:22,en,INSTAGRAM,,necessaire,,,1,False,True,"The comment specifically mentions a necessaire product (lip balm) with a positive sentiment, which directly relates to the brand's skincare category and demonstrates a personal experience with their product line.",Medium,1.494429349899292,False
1943632717020553656,‚Äâ La prison est necessaire pour les gens qui ne paient pas leurs employ√©s,La prison est necessaire pour les gens qui ne paient pas leurs employ√©s,2025-07-11 11:25:25,fr,TWITTER,,,,,1,False,False,"The comment appears to be about prison and paying employees, which has no meaningful connection to Necessaire's skincare brand or products. The mention of ""necessaire"" seems coincidental and unrelated to the brand's core business of clean body care.",Medium,1.6531932353973389,False
1944052651211337925,"‚Äâ SPR_COMBO[pt]üõçÔ∏è Frasqueira de Viagem | Necessaire R√≠gida Maleta ABS ‚ùå De: R$ 200,00 ‚úÖ Por:  R$ 75,90 Compre aqui: https://t.co/WAQ78WRYOl Vem pro grupo e n√£o perca nada: https://t.co/7a3gINmhn4 amazon, magalu, mercado livre, natura, shopee https://t.co/xrcNfOVu3w","SPR_COMBO[pt] Frasqueira de Viagem | Necessaire R√≠gida Maleta ABS De: R$ 200,00 Por: R$ 75,90 Compre aqui: Vem pro grupo e n√£o perca nada: amazon, magalu, mercado livre, natura, shopee",2025-07-12 15:14:05,pt,TWITTER,,,‚úÖüõçÔ∏è‚ùå,,1,False,False,"The content appears to be a promotional tweet about a travel case/bag, with multiple e-commerce platform links. While the tweet mentions the word ""necessaire"", it does not seem to be specifically about the Necessaire skincare brand, but rather appears to be a generic product sale advertisement. The content lacks meaningful connection to the brand's skincare products or category.",Medium,2.0299785137176514,False
17890349766294810,"‚Äâ SPR_COMBO[es]‚ú® O nome n√£o mente: VOLUME XXL ‚ú® Pestanas levantadas, separadas e com um mega efeito curva. Tudo com a suavidade e eleg√¢ncia Clarins. üíÅüèΩ‚Äç‚ôÄÔ∏è üìå Na compra de 2 produtos Clarins recebes de oferta um Necessaire. * ‚ú® El nombre no miente: VOLUMEN XXL ‚ú® Pesta√±as elevadas, definidas y con un mega efecto curvado. Todo con la suavidad y elegancia de Clarins. üíÅüèΩ‚Äç‚ôÄÔ∏è üìå Por la compra de 2 productos Clarins, ll√©vate un neceser de regalo. * #lojadafarmacia #clarins #mascaradepestanas #clarinsvolumeXXL","SPR_COMBO[es] O nome n√£o mente: VOLUME XXL Pestanas levantadas, separadas e com um mega efeito curva. Tudo com a suavidade e eleg√¢ncia Clarins. Na compra de 2 produtos Clarins recebes de oferta um Necessaire. * El nombre no miente: VOLUMEN XXL Pesta√±as elevadas, definidas y con un mega efecto curvado. Todo con la suavidad y elegancia de Clarins. Por la compra de 2 productos Clarins, ll√©vate un neceser de regalo. *",2025-07-12 18:00:57,es,INSTAGRAM,lojadafarmacia|clarins|mascaradepestanas|clarinsvolumeXXL,,üíÅüèΩ‚Äç‚ôÄÔ∏èüìå‚ú®,,1,False,False,"The comment is primarily about Clarins mascara and a promotional offer, with ""necessaire"" mentioned only as a free gift bag. There's no meaningful discussion about Necessaire's skincare products or brand, making this content unrelated to the Necessaire brand itself.",Medium,1.9196429252624512,False
