fid,transcript,cleaned_transcript,timestamp,text_language,social_media_channel,hashtags,mentions,emojis,cluster_id,is_representative,repetition_count,sentiment,emotion,reasoning,result_propagated,relevant,confidence,processing_time
1944735212849733806,"â€‰ SPR_COMBO[ja]ğŸ’„ å•†å“åï¼šã‚¸ãƒãƒ³ã‚·ã‚¤ ãƒ—ãƒªã‚ºãƒ ãƒ»ãƒªãƒ¼ãƒ–ãƒ«ãƒ»ã‚¹ã‚­ãƒ³ã‚±ã‚¢ãƒªãƒ³ã‚°ãƒ»ã‚³ãƒ¬ã‚¯ã‚¿ãƒ¼ (ãƒ–ãƒ«ãƒ¼) 1å€‹ ğŸ·ï¸ ãƒ–ãƒ©ãƒ³ãƒ‰ï¼šGivenchy ğŸ‘› ä¾¡æ ¼ï¼šï¿¥4,798 ğŸ”— å•†å“URLï¼šhttps://t.co/YmusVkcm3x 2025å¹´07æœˆ14æ—¥ 21:26 pr #Amazon","SPR_COMBO[ja] å•†å“åï¼šã‚¸ãƒãƒ³ã‚·ã‚¤ ãƒ—ãƒªã‚ºãƒ ãƒ»ãƒªãƒ¼ãƒ–ãƒ«ãƒ»ã‚¹ã‚­ãƒ³ã‚±ã‚¢ãƒªãƒ³ã‚°ãƒ»ã‚³ãƒ¬ã‚¯ã‚¿ãƒ¼ (ãƒ–ãƒ«ãƒ¼) 1å€‹ ãƒ–ãƒ©ãƒ³ãƒ‰ï¼šGivenchy ä¾¡æ ¼ï¼šï¿¥4,798 å•†å“URLï¼š 2025å¹´07æœˆ14æ—¥ 21:26 pr",2025-07-14 12:26:20,ja,TWITTER,Amazon,,ğŸ”—ğŸ·ï¸ğŸ‘›ğŸ’„,,False,1,Neutral,Anticipation,The comment appears to be a product listing or promotional post about a Givenchy skincare product in,False,,,
mov_D0B92F8FAF1CDDEFA7165705DDD75DB3,"â€‰ Princess Charlotte made her third Wimbledon appearance this weekend, alongside Prince William and Princess Kate. Her outfit especially stood out: a white frilled dress with black piping, which subtly matched a look worn by her mother in 2022. But this was not just a case of twinning; the outfit was a carefully styled nod to Kate's past wardrobe, her designer relationships, and even Charlotte's own personality. From the bespoke dress to her silver charm bracelet, nearly every detail of Charlotte's ensemble carried a deeper reference or sentimental value. Custom dress with Royal history Charlotte's white summer dress was custom-made by Sarah Burton, the designer responsible for Kate's 2011 wedding gown. It featured soft frill detailing at the hem and precise black V-line stitching. These are design elements closely resembling a certain white Emilia Wickstead dress Kate wore at the Guards Polo Club in 2022. Burton, now at Givenchy, also dressed Kate in a dark red gown at a State Banquet earlier this month. Her recent involvement with both royals hints at a growing fashion mentorship between Kate and her daughter. For footwear and accessories, Charlotte wore Camilla Elphick flats and Finlay & Co sunglasses, another overlap with Kate's past Wimbledon appearances. Charm bracelet with personal touches Charlotte's silver Pandora bracelet added more clues. One charm was set with a green stoneâ€”her May birthstoneâ€”while another was a miniature Nala from The Lion King, possibly referencing her known love for animated films. The third charm was a silver heart paired with an engraved disk. Though the inscription wasn't readable, it appeared to be custom-made. The disk likely contains a message from or about someone close to her, given that Pandora's official listings state that the charm is meant for a â€œpersonal stampâ€ or â€œmessage for someone special.â€ ALSO READ:Â IN PICS: Preity Zinta and Gene Goodenough enjoy Wimbledon date, Sara Tendulkar has a fun day with family","Princess Charlotte made her third Wimbledon appearance this weekend, alongside Prince William and Princess Kate. Her outfit especially stood out: a white frilled dress with black piping, which subtly matched a look worn by her mother in 2022. But this was not just a case of twinning; the outfit was a carefully styled nod to Kate's past wardrobe, her designer relationships, and even Charlotte's own personality. From the bespoke dress to her silver charm bracelet, nearly every detail of Charlotte's ensemble carried a deeper reference or sentimental value. Custom dress with Royal history Charlotte's white summer dress was custom-made by Sarah Burton, the designer responsible for Kate's 2011 wedding gown. It featured soft frill detailing at the hem and precise black V-line stitching. These are design elements closely resembling a certain white Emilia Wickstead dress Kate wore at the Guards Polo Club in 2022. Burton, now at Givenchy, also dressed Kate in a dark red gown at a State Banquet earlier this month. Her recent involvement with both royals hints at a growing fashion mentorship between Kate and her daughter. For footwear and accessories, Charlotte wore Camilla Elphick flats and Finlay & Co sunglasses, another overlap with Kate's past Wimbledon appearances. Charm bracelet with personal touches Charlotte's silver Pandora bracelet added more clues. One charm was set with a green stoneâ€”her May birthstoneâ€”while another was a miniature Nala from The Lion King, possibly referencing her known love for animated films. The third charm was a silver heart paired with an engraved disk. Though the inscription wasn't readable, it appeared to be custom-made. The disk likely contains a message from or about someone close to her, given that Pandora's official listings state that the charm is meant for a â€œpersonal stampâ€ or â€œmessage for someone special.â€ ALSO READ: IN PICS: Preity Zinta and Gene Goodenough enjoy Wimbledon date, Sara Tendulkar has a fun day with family",2025-07-14 14:53:13,en,WEB,,,,,False,1,Neutral,Neutral,"The comment does not express a direct sentiment about Givenchy itself, but rather mentions the brand",False,,,
mov_3A6BF3E2E1A46D2A7A2854A36E12A65E,"â€‰ Sarah Burton was appointed creative director of Givenchy in September of 2024 Like mother, like daughter. Princess Charlotte reportedly wore a bespoke piece by her mom, the Princess of Wales' wedding dress designer to Wimbledon on Sunday. According to the MailOnline, the 10 year old's white dress with navy-trimmed ruffles on the bodice was designed byÂ Sarah Burton for Givenchy. Â© Andrew Matthews - WPA Pool/ Sarah, who left Alexander McQueen in 2023, was behind the iconic wedding dress that the Princess of Wales wore to marryÂ Prince WilliamÂ at Westminster Abbey in 2011. On the day of the royal wedding, the palace shared that the bride had chosen the ""British brand Alexander McQueen for the beauty of its craftsmanship and its respect for traditional workmanship and the technical construction of clothing,"" and that she ""wished for her dress to combine tradition and modernity with the artistic vision that characterises Alexander McQueen's work."" Â© Adam Davy/PA Images via You may also like Catherine is said to have worked closely with Sarah in formulating the design of her wedding dress. The palace noted then that the stunning gown epitomized ""timeless British craftsmanship by drawing together talented and skilled workmanship from across the United Kingdom"" and paid ""tribute to the Arts and Crafts tradition, which advocated truth to materials and traditional craftsmanship using simple forms and often Romantic styles of decoration,"" adding that Sarah's design drew ""on this heritage, additionally giving the cut and the intricate embellishment a distinctive, contemporary and feminine character."" Â© Samir Hussein/WireImage Sarah was appointed creative director of Givenchy in September of 2024. â€œIt is a great honour to be joining the beautiful house of Givenchy, it is a jewel,"" the designer said in a statement at the time. "" I am so excited to be able to write the next chapter in the story of this iconic house and to bring to Givenchy my own vision, sensibility and beliefs.â€ Charlotte completed her Wimbledon dress by Sarah on July 13 with white Mary Jane flats, a Pandora charm bracelet, pink nail polish and her hair styled half up in braids with a navy bow. Days before her daughter stepped out in Givenchy, the Princess of Wales herself stunned in a design from the French fashion house. Â© Chris Jackson/ Her Royal Highness looked regal on July 8 wearing a dark red evening gown by Sarah for Givenchy that featured a caped back detailingâ€”teamed with the Lover's Knot Tiaraâ€”to a state banquet hosted by King Charles andÂ Queen CamillaÂ for French PresidentÂ Emmanuel MacronÂ and his wife, First Lady Brigitte Macron, during their state visit to the UK. The banquet at Windsor Castle marked the Princess of Wales' first state banquet since 2023, and the first time that Catherine has been publicly seen in a tiara since December 2023.","Sarah Burton was appointed creative director of Givenchy in September of 2024 Like mother, like daughter. Princess Charlotte reportedly wore a bespoke piece by her mom, the Princess of Wales' wedding dress designer to Wimbledon on Sunday. According to the MailOnline, the 10 year old's white dress with navy-trimmed ruffles on the bodice was designed by Sarah Burton for Givenchy. Andrew Matthews - WPA Pool/ Sarah, who left Alexander McQueen in 2023, was behind the iconic wedding dress that the Princess of Wales wore to marry Prince William at Westminster Abbey in 2011. On the day of the royal wedding, the palace shared that the bride had chosen the ""British brand Alexander McQueen for the beauty of its craftsmanship and its respect for traditional workmanship and the technical construction of clothing,"" and that she ""wished for her dress to combine tradition and modernity with the artistic vision that characterises Alexander McQueen's work."" Adam Davy/PA Images via You may also like Catherine is said to have worked closely with Sarah in formulating the design of her wedding dress. The palace noted then that the stunning gown epitomized ""timeless British craftsmanship by drawing together talented and skilled workmanship from across the United Kingdom"" and paid ""tribute to the Arts and Crafts tradition, which advocated truth to materials and traditional craftsmanship using simple forms and often Romantic styles of decoration,"" adding that Sarah's design drew ""on this heritage, additionally giving the cut and the intricate embellishment a distinctive, contemporary and feminine character."" Samir Hussein/WireImage Sarah was appointed creative director of Givenchy in September of 2024. â€œIt is a great honour to be joining the beautiful house of Givenchy, it is a jewel,"" the designer said in a statement at the time. "" I am so excited to be able to write the next chapter in the story of this iconic house and to bring to Givenchy my own vision, sensibility and beliefs.â€ Charlotte completed her Wimbledon dress by Sarah on July 13 with white Mary Jane flats, a Pandora charm bracelet, pink nail polish and her hair styled half up in braids with a navy bow. Days before her daughter stepped out in Givenchy, the Princess of Wales herself stunned in a design from the French fashion house. Chris Jackson/ Her Royal Highness looked regal on July 8 wearing a dark red evening gown by Sarah for Givenchy that featured a caped back detailingâ€”teamed with the Lover's Knot Tiaraâ€”to a state banquet hosted by King Charles and Queen Camilla for French President Emmanuel Macron and his wife, First Lady Brigitte Macron, during their state visit to the UK. The banquet at Windsor Castle marked the Princess of Wales' first state banquet since 2023, and the first time that Catherine has been publicly seen in a tiara since December 2023.",2025-07-14 18:31:12,en,WEB,,,Â©,,False,1,Positive,Joy,"The comment is overwhelmingly positive about Givenchy, highlighting Sarah Burton's prestigious appoi",False,,,
1944872878618587558,"â€‰ Princess Charlotte's dress at Wimbledon yesterday was custom Sarah Burton (for Givenchy) Sarah Burton also designed her mother's wedding dress, 14 years ago ğŸ¥¹ https://t.co/IA4CH3OGZ7","Princess Charlotte's dress at Wimbledon yesterday was custom Sarah Burton (for Givenchy) Sarah Burton also designed her mother's wedding dress, 14 years ago",2025-07-14 21:33:22,en,TWITTER,,,ğŸ¥¹,,False,1,Positive,Joy,"The comment references Princess Charlotte's elegant custom dress by Sarah Burton for Givenchy, conne",False,,,
1944895928147828930,â€‰ SPR_COMBO[ja]GIVENCHY(ã‚¸ãƒãƒ³ã‚·ãƒ¼)2025å¹´ç¦è¢‹ä¸­èº«ãƒã‚¿ãƒãƒ¬ï¼2024å¹´ä»¥å‰ã®éå»é–‹å°ãƒ¬ãƒ“ãƒ¥ãƒ¼ã¨ãŠã™ã™ã‚é€šè²©ã‚µã‚¤ãƒˆ https://t.co/X0CI7Kyk1i,SPR_COMBO[ja]GIVENCHY(ã‚¸ãƒãƒ³ã‚·ãƒ¼)2025å¹´ç¦è¢‹ä¸­èº«ãƒã‚¿ãƒãƒ¬ï¼2024å¹´ä»¥å‰ã®éå»é–‹å°ãƒ¬ãƒ“ãƒ¥ãƒ¼ã¨ãŠã™ã™ã‚é€šè²©ã‚µã‚¤ãƒˆ,2025-07-14 23:04:58,ja,TWITTER,,,,,False,1,Neutral,Anticipation,The comment appears to be a Japanese language tweet about Givenchy's 2025 lucky bag (ç¦è¢‹) and include,False,,,
1945091160449450203,â€‰ Givenchy Beauty instagram post and story update with the new Global Brand Spokesperson #ZhaoLiying : https://t.co/AEdsWnqCfa #èµµä¸½é¢– https://t.co/Pou3fNlub4,Givenchy Beauty instagram post and story update with the new Global Brand Spokesperson :,2025-07-15 12:00:45,en,TWITTER,ZhaoLiying|èµµä¸½é¢–,,,,False,1,Neutral,Anticipation,The comment appears to be a straightforward social media update about Givenchy's new Global Brand Sp,False,,,
tw_sl_31ed3065d7b8db028055404251ec2f7f,"â€‰ VIDEO Crayola Creative Moments: Model Magic Bunny TV commercial 2025 â€¢ Crayola Creative Moments: Model Magic Bunny Crayola Creative Moments continues with a magical twist! âœ¨ For this week's Summer Magic craft, kids can create their very own Model Magic Bunny in a hat â€” the perfect DIY for birthday party fun! #CrayolaCreativeMoments #DIYPartyCrafts- advertisement spot 2025 Notes for 915 Creative Moments: Model Magic Bunny It is important to note that the videos that are presented on this website are not the property of abancommercials.com, nor were they produced by us. This is a very important issue that should be kept in mind. We will do all in our power to ensure that you have access to the commercials that you choose to watch on television and the internet, with the ultimate goal of making it possible for you to see these advertisements. It is anticipated that these commercials will continue to be available to the general public for as long as the firm continues to publish them to YouTube or other websites. We would be happy if you could share the lyrics to the song or the identities of the actors or actresses who appear in these advertisements with us with the aim of publishing them. If you are aware of either of these things, please let us know with the intention of publishing them. I want to express my gratitude in advance for your aid with this situation. Other tags: cast, girl 2025, actress 2025, song, new, newest Gucci Lido: A Summer Story Nacon Rugby League 26 | Out July 17 Givenchy ZHAO LIYING NEW GIVENCHY BEAUTY GLOBAL BRAND AMBASSADOR Dolce & Gabbana Alta Moda Roma 2025: When Tradion Meets Innovation Jaeger-LeCoultre Cinematic brilliance meets fine watchmaking Some articules for you Why Professional Pest Control Is Worth It for Homeowners Owning a home brings a lot of joy, but it also comes with responsibilities that aren't always pleasant. One of the most frustrating issues homeowners face is dealing with pests. How to Prepare Your Business for PCI DSS Compliance in 2025 With data breaches on the rise, companies that handle credit card payments must take extra care with customer information. The Payment Card Industry Data Security Standard, also referred to as PCI DSS How to install Python Libraries in Visual Studio Code Learn how to easily install Python libraries in Visual Studio Code with our step-by-step guide. Boost your coding How to convert Blog Posts into Videos using AI Learn how to effortlessly convert your blog posts into engaging videos using AI. Boost your content How to use Gemini Code Assist in Windows 11 Discover how to effectively use Gemini Code Assist in Windows 11 to enhance your coding experience How to rebuild BCD or Boot Configuration Data file in Windows 11 Learn how to rebuild the Boot Configuration Data (BCD) file in Windows 11 with our step-by-step. How to calculate Expiry Date in Excel Learn how to easily calculate expiry dates in Excel with our step-by-step guide. Master date functions","VIDEO Crayola Creative Moments: Model Magic Bunny TV commercial 2025 â€¢ Crayola Creative Moments: Model Magic Bunny Crayola Creative Moments continues with a magical twist! For this week's Summer Magic craft, kids can create their very own Model Magic Bunny in a hat â€” the perfect DIY for birthday party fun! - advertisement spot 2025 Notes for 915 Creative Moments: Model Magic Bunny It is important to note that the videos that are presented on this website are not the property of abancommercials.com, nor were they produced by us. This is a very important issue that should be kept in mind. We will do all in our power to ensure that you have access to the commercials that you choose to watch on television and the internet, with the ultimate goal of making it possible for you to see these advertisements. It is anticipated that these commercials will continue to be available to the general public for as long as the firm continues to publish them to YouTube or other websites. We would be happy if you could share the lyrics to the song or the identities of the actors or actresses who appear in these advertisements with us with the aim of publishing them. If you are aware of either of these things, please let us know with the intention of publishing them. I want to express my gratitude in advance for your aid with this situation. Other tags: cast, girl 2025, actress 2025, song, new, newest Gucci Lido: A Summer Story Nacon Rugby League 26 | Out July 17 Givenchy ZHAO LIYING NEW GIVENCHY BEAUTY GLOBAL BRAND AMBASSADOR Dolce & Gabbana Alta Moda Roma 2025: When Tradion Meets Innovation Jaeger-LeCoultre Cinematic brilliance meets fine watchmaking Some articules for you Why Professional Pest Control Is Worth It for Homeowners Owning a home brings a lot of joy, but it also comes with responsibilities that aren't always pleasant. One of the most frustrating issues homeowners face is dealing with pests. How to Prepare Your Business for PCI DSS Compliance in 2025 With data breaches on the rise, companies that handle credit card payments must take extra care with customer information. The Payment Card Industry Data Security Standard, also referred to as PCI DSS How to install Python Libraries in Visual Studio Code Learn how to easily install Python libraries in Visual Studio Code with our step-by-step guide. Boost your coding How to convert Blog Posts into Videos using AI Learn how to effortlessly convert your blog posts into engaging videos using AI. Boost your content How to use Gemini Code Assist in Windows 11 Discover how to effectively use Gemini Code Assist in Windows 11 to enhance your coding experience How to rebuild BCD or Boot Configuration Data file in Windows 11 Learn how to rebuild the Boot Configuration Data (BCD) file in Windows 11 with our step-by-step. How to calculate Expiry Date in Excel Learn how to easily calculate expiry dates in Excel with our step-by-step guide. Master date functions",2025-07-15 13:24:43,en,WEB,CrayolaCreativeMoments|DIYPartyCrafts,,âœ¨,,False,1,Neutral,Neutral,The comment appears to be a generic advertisement/metadata text that mentions Givenchy only briefly ,False,,,
tw_sl_f85e7cbcfdb0cd900223157696bc2faa,"â€‰ VIDEO Asus Handheld Ultrasound LU800 Tutorial#1 Start Scanning Now TV commercial 2025 â€¢ ASUS Handheld Ultrasound LU800 Tutorial #1 Start Scanning Now The ASUS Handheld Ultrasound Solution LU800 is a portable and durable AI-powered ultrasound system designed for qualified medical professionals, enabling real-time ultrasound scans and high-quality image acquisition to aid in diagnosing various medical conditions. About ASUS Handheld Ultrasound LU800: https://asus.click/HandheldLU800 00:04 1-1 Install ASUS MediConnect App 00:40 1-2 Connect the Probe #Handheld Ultrasound #Smart healthcare #Ultrasound #POCUS #AI #ultrasound #Mobile healthcare - advertisement spot 2025 Notes for 194 Handheld Ultrasound LU800 Tutorial#1 Start Scanning Now It is important to note that the videos that are presented on this website are not the property of abancommercials.com, nor were they produced by us. This is a very important issue that should be kept in mind. We will do all in our power to ensure that you have access to the commercials that you choose to watch on television and the internet, with the ultimate goal of making it possible for you to see these advertisements. It is anticipated that these commercials will continue to be available to the general public for as long as the firm continues to publish them to YouTube or other websites. We would be happy if you could share the lyrics to the song or the identities of the actors or actresses who appear in these advertisements with us with the aim of publishing them. If you are aware of either of these things, please let us know with the intention of publishing them. I want to express my gratitude in advance for your aid with this situation. Other tags: cast, girl 2025, actress 2025, song, new, newest Crayola Creative Moments: Model Magic Bunny Gucci Lido: A Summer Story Nacon Rugby League 26 | Out July 17 Givenchy ZHAO LIYING NEW GIVENCHY BEAUTY GLOBAL BRAND AMBASSADOR Dolce & Gabbana Alta Moda Roma 2025: When Tradion Meets Innovation Some articules for you Why Professional Pest Control Is Worth It for Homeowners Owning a home brings a lot of joy, but it also comes with responsibilities that aren't always pleasant. One of the most frustrating issues homeowners face is dealing with pests. How to Prepare Your Business for PCI DSS Compliance in 2025 With data breaches on the rise, companies that handle credit card payments must take extra care with customer information. The Payment Card Industry Data Security Standard, also referred to as PCI DSS How to install Python Libraries in Visual Studio Code Learn how to easily install Python libraries in Visual Studio Code with our step-by-step guide. Boost your coding How to convert Blog Posts into Videos using AI Learn how to effortlessly convert your blog posts into engaging videos using AI. Boost your content How to use Gemini Code Assist in Windows 11 Discover how to effectively use Gemini Code Assist in Windows 11 to enhance your coding experience How to rebuild BCD or Boot Configuration Data file in Windows 11 Learn how to rebuild the Boot Configuration Data (BCD) file in Windows 11 with our step-by-step. How to calculate Expiry Date in Excel Learn how to easily calculate expiry dates in Excel with our step-by-step guide. Master date functions","VIDEO Asus Handheld Ultrasound LU800 Tutorial Start Scanning Now TV commercial 2025 â€¢ ASUS Handheld Ultrasound LU800 Tutorial Start Scanning Now The ASUS Handheld Ultrasound Solution LU800 is a portable and durable AI-powered ultrasound system designed for qualified medical professionals, enabling real-time ultrasound scans and high-quality image acquisition to aid in diagnosing various medical conditions. About ASUS Handheld Ultrasound LU800: 00:04 1-1 Install ASUS MediConnect App 00:40 1-2 Connect the Probe Ultrasound healthcare healthcare - advertisement spot 2025 Notes for 194 Handheld Ultrasound LU800 Tutorial Start Scanning Now It is important to note that the videos that are presented on this website are not the property of abancommercials.com, nor were they produced by us. This is a very important issue that should be kept in mind. We will do all in our power to ensure that you have access to the commercials that you choose to watch on television and the internet, with the ultimate goal of making it possible for you to see these advertisements. It is anticipated that these commercials will continue to be available to the general public for as long as the firm continues to publish them to YouTube or other websites. We would be happy if you could share the lyrics to the song or the identities of the actors or actresses who appear in these advertisements with us with the aim of publishing them. If you are aware of either of these things, please let us know with the intention of publishing them. I want to express my gratitude in advance for your aid with this situation. Other tags: cast, girl 2025, actress 2025, song, new, newest Crayola Creative Moments: Model Magic Bunny Gucci Lido: A Summer Story Nacon Rugby League 26 | Out July 17 Givenchy ZHAO LIYING NEW GIVENCHY BEAUTY GLOBAL BRAND AMBASSADOR Dolce & Gabbana Alta Moda Roma 2025: When Tradion Meets Innovation Some articules for you Why Professional Pest Control Is Worth It for Homeowners Owning a home brings a lot of joy, but it also comes with responsibilities that aren't always pleasant. One of the most frustrating issues homeowners face is dealing with pests. How to Prepare Your Business for PCI DSS Compliance in 2025 With data breaches on the rise, companies that handle credit card payments must take extra care with customer information. The Payment Card Industry Data Security Standard, also referred to as PCI DSS How to install Python Libraries in Visual Studio Code Learn how to easily install Python libraries in Visual Studio Code with our step-by-step guide. Boost your coding How to convert Blog Posts into Videos using AI Learn how to effortlessly convert your blog posts into engaging videos using AI. Boost your content How to use Gemini Code Assist in Windows 11 Discover how to effectively use Gemini Code Assist in Windows 11 to enhance your coding experience How to rebuild BCD or Boot Configuration Data file in Windows 11 Learn how to rebuild the Boot Configuration Data (BCD) file in Windows 11 with our step-by-step. How to calculate Expiry Date in Excel Learn how to easily calculate expiry dates in Excel with our step-by-step guide. Master date functions",2025-07-15 13:24:50,en,WEB,1|1|Handheld|Smart|Ultrasound|POCUS|AI|ultrasound|Mobile|1,,,,False,1,Neutral,Neutral,The comment appears to be a generic advertisement or content aggregation text that mentions Givenchy,False,,,
39253099575_1195507125952720_BE8EC6F4FC460F7AA602DFCA2CBC43A0ZZ,"â€‰ Warmest congratulations to Zhao Liying and Givenchy Makeup on the beginning of what promises to be an iconic partnership. The meeting of Zhao Liying's refined elegance and Givenchy's visionary artistry is more than a collaboration, it's a celebration of modern beauty and timeless style. We look forward to witnessing the extraordinary synergy between these two icons, where every look tells a story, and every moment radiates brilliance","Warmest congratulations to Zhao Liying and Givenchy Makeup on the beginning of what promises to be an iconic partnership. The meeting of Zhao Liying's refined elegance and Givenchy's visionary artistry is more than a collaboration, it's a celebration of modern beauty and timeless style. We look forward to witnessing the extraordinary synergy between these two icons, where every look tells a story, and every moment radiates brilliance",2025-07-15 13:33:58,en,FACEBOOK,,,,cluster_4,True,2,Positive,Joy,"The comment is overwhelmingly positive, using enthusiastic and celebratory language to describe the ",False,,,
1945264872385884196,â€‰ SPR_COMBO[ja]æ„Ÿæ¿€ã®å†…å®¹ï¼ä»Šå¹´ã‚‚æœ€é«˜ï¼ GIVENCHY(ã‚¸ãƒãƒ³ã‚·ãƒ¼)2025å¹´ç¦è¢‹ä¸­èº«ãƒã‚¿ãƒãƒ¬ï¼2024å¹´ä»¥å‰ã®éå»é–‹å°ãƒ¬ãƒ“ãƒ¥ãƒ¼ã¨ãŠã™ã™ã‚é€šè²©ã‚µã‚¤ãƒˆ https://t.co/cQeSv6MN4i,SPR_COMBO[ja]æ„Ÿæ¿€ã®å†…å®¹ï¼ä»Šå¹´ã‚‚æœ€é«˜ï¼ GIVENCHY(ã‚¸ãƒãƒ³ã‚·ãƒ¼)2025å¹´ç¦è¢‹ä¸­èº«ãƒã‚¿ãƒãƒ¬ï¼2024å¹´ä»¥å‰ã®éå»é–‹å°ãƒ¬ãƒ“ãƒ¥ãƒ¼ã¨ãŠã™ã™ã‚é€šè²©ã‚µã‚¤ãƒˆ,2025-07-15 23:31:01,ja,TWITTER,,,,,False,1,Positive,Anticipation,"The comment appears to be in Japanese and references a Givenchy 2025 lucky bag (ç¦è¢‹), which typically",False,,,
UgyHsptfeprT4y-mcfF4AaABAg,"â€‰ Warmest congratulations to Zhao Liying and Givenchy Makeup on the beginning of what promises to be an iconic partnership. The meeting of Zhao Liying's refined elegance and Givenchy's visionary artistry is more than a collaboration, it's a celebration of modern beauty and timeless style. We look forward to witnessing the extraordinary synergy between these two icons, where every look tells a story, and every moment radiates brilliance","Warmest congratulations to Zhao Liying and Givenchy Makeup on the beginning of what promises to be an iconic partnership. The meeting of Zhao Liying's refined elegance and Givenchy's visionary artistry is more than a collaboration, it's a celebration of modern beauty and timeless style. We look forward to witnessing the extraordinary synergy between these two icons, where every look tells a story, and every moment radiates brilliance",2025-07-16 03:40:45,en,YOUTUBE,,,,cluster_4,False,2,Positive,Joy,"The comment is overwhelmingly positive, using enthusiastic and celebratory language to describe the ",True,True,Medium,2.780055522918701
wall-229851686_26,"â€‰ SPR_COMBO[pt]â € â €â € â € â €â €ğ—¦ğ˜„ğ—²ğ—²ğ˜ğ—²ğ—»ğ—²ğ—¿ ğ—”ğ—¼ ğ—©ğ—¶ğ˜ƒğ—¼: ğ—”ğ—¿ğ—¶ğ—®ğ—»ğ—® ğ—œğ—»ğ—°ğ—²ğ—»ğ—±ğ—²ğ—¶ğ—® ğ—¼ ğ—£ğ—¿ğ—¶ğ—ºğ—² ğ——ğ—®ğ˜† â € â €Na Ãºltima terÃ§a-feira, 15 de julho, o palco do [club207290068|Amazon Music] Unboxing Prime Day, no Brooklyn, simplesmente pegou fogo! [id455589189|Ariana Grande] e Alessia Cara brilharam como verdadeiras estrelas, entregando uma noite que fez Nova York pulsar ao ritmo do pop. â € â €Alessia emocionou ao estrear â€œA Little Moreâ€ â€” uma mÃºsica doce e Ã­ntima que ela mesma compÃ´s como presente de aniversÃ¡rio. JÃ¡ Ariana, sempre magnÃ©tica, trouxe uma energia eletrizante com sucessos como â€œNo Tears Left to Cryâ€ e â€œThe Light Is Comingâ€, aquecendo os coraÃ§Ãµes Ã  espera do seu novo Ã¡lbum Sweetener. E o melhor: tudo foi transmitido ao vivo para o mundo inteiro! â € â €Mas as surpresas nÃ£o pararam por aÃ­. Kelsea Ballerini empolgou com â€œYeah Boyâ€ e â€œI Hate Love Songsâ€, e ainda surpreendeu com um mash-up de Justin Timberlake que arrancou aplausos da plateia. Antes dela, Julia Michaels deu o pontapÃ© inicial no evento com um repertÃ³rio que incluiu â€œIssuesâ€, â€œPinkâ€, o novo single â€œJumpâ€ e covers de grandes hits que ela mesma escreveu para outros artistas. â € â €Entre os rostos famosos que prestigiaram o show estavam Ashley Tisdale e a influencer Camila Coelho. E pra quem ama moda, um detalhe irresistÃ­vel: Kelsea usava uma blusa Rosa ChÃ¡, Ariana apostou em calÃ§as da [club220787517|Moonlight], um top com brilho da [club162309073|Givenchy] e finalizou o look com botas [club218217683|Christian Louboutin]. â € â €Uma noite de talento, emoÃ§Ã£o e muito estilo â€” daquelas que ficam marcadas na memÃ³ria (e na timeline)! [club225462802|â €]ã…¤[club228613265|â €]ã…¤[club223739346|â €]ã…¤[club225487280|â €]ã…¤[club224489990|â €]ã…¤[club219635650|â €]ã…¤[club223786853|â €]ã…¤[club223742396|â €]ã…¤[club224303320|â €] [club103861903|â €] ã…¤ ğ–­ğ–¤ğ–¶ ğ–¸ğ–®ğ–±ğ–ª, ğ–´ğ–²ğ–  â€“ ğ–©ğ–´ğ–«ğ–¸ ğŸ£ğŸ§, ğŸ¤ğŸ¢ğŸ¤ğŸ§: ğ– ğ—†ğ–¾ğ—‹ğ—‚ğ–¼ğ–ºğ—‡ ğ—Œğ—‚ğ—‡ğ—€ğ–¾ğ—‹, ğ–ºğ–¼ğ—ğ—‹ğ–¾ğ—Œğ—Œ, ğ–ºğ—‡ğ–½ ğ—†ğ—ˆğ–½ğ–¾ğ—… [id455589189|ğ– ğ—‹ğ—‚ğ–ºğ—‡ğ–º ğ–¦ğ—‹ğ–ºğ—‡ğ–½ğ–¾], ğ—†ğ–ºğ—‡ğ–ºğ—€ğ–¾ğ–½ ğ–»ğ—’ [club218164676|ğ–³ğ–¾ğ–ºğ—† ğ–¶ğ–ºğ—‡ğ—€] ğ–ºğ—‡ğ–½ [club212757720|ğ–¤ğ—…ğ—‚ğ—ğ–¾ ğ–¬ğ—ˆğ–½ğ–¾ğ—…ğ—Œ], ğ—‰ğ–¾ğ—‹ğ–¿ğ—ˆğ—‹ğ—†ğ–¾ğ–½ ğ—…ğ—‚ğ—ğ–¾ ğ–ºğ— ğ—ğ—ğ–¾ ğ– ğ—†ğ–ºğ—“ğ—ˆğ—‡ ğ–¬ğ—ğ—Œğ—‚ğ–¼ ğ–´ğ—‡ğ–»ğ—ˆğ—‘ğ—‚ğ—‡ğ—€ ğ–¯ğ—‹ğ—‚ğ—†ğ–¾ ğ–£ğ–ºğ—’ ğ–¾ğ—ğ–¾ğ—‡ğ—. ğ–©ğ—ğ—…ğ—’ ğŸ£ğŸ§, ğŸ¤ğŸ¢ğŸ¤ğŸ§, ğ—‚ğ—‡ ğ–­ğ–¾ğ— ğ–¸ğ—ˆğ—‹ğ—„, ğ–´ğ–²ğ– . #AmazonMusic #ArianaGrande #SweetenerEra #LiveInNYC #EliteModel #TWacting #PopIcons #UnboxingPrimeDay2025","SPR_COMBO[pt]â € â €â € â € â €â €ğ—¦ğ˜„ğ—²ğ—²ğ˜ğ—²ğ—»ğ—²ğ—¿ ğ—”ğ—¼ ğ—©ğ—¶ğ˜ƒğ—¼: ğ—”ğ—¿ğ—¶ğ—®ğ—»ğ—® ğ—œğ—»ğ—°ğ—²ğ—»ğ—±ğ—²ğ—¶ğ—® ğ—¼ ğ—£ğ—¿ğ—¶ğ—ºğ—² ğ——ğ—®ğ˜† â € â €Na Ãºltima terÃ§a-feira, 15 de julho, o palco do [club207290068|Amazon Music] Unboxing Prime Day, no Brooklyn, simplesmente pegou fogo! [id455589189|Ariana Grande] e Alessia Cara brilharam como verdadeiras estrelas, entregando uma noite que fez Nova York pulsar ao ritmo do pop. â € â €Alessia emocionou ao estrear â€œA Little Moreâ€ â€” uma mÃºsica doce e Ã­ntima que ela mesma compÃ´s como presente de aniversÃ¡rio. JÃ¡ Ariana, sempre magnÃ©tica, trouxe uma energia eletrizante com sucessos como â€œNo Tears Left to Cryâ€ e â€œThe Light Is Comingâ€, aquecendo os coraÃ§Ãµes Ã  espera do seu novo Ã¡lbum Sweetener. E o melhor: tudo foi transmitido ao vivo para o mundo inteiro! â € â €Mas as surpresas nÃ£o pararam por aÃ­. Kelsea Ballerini empolgou com â€œYeah Boyâ€ e â€œI Hate Love Songsâ€, e ainda surpreendeu com um mash-up de Justin Timberlake que arrancou aplausos da plateia. Antes dela, Julia Michaels deu o pontapÃ© inicial no evento com um repertÃ³rio que incluiu â€œIssuesâ€, â€œPinkâ€, o novo single â€œJumpâ€ e covers de grandes hits que ela mesma escreveu para outros artistas. â € â €Entre os rostos famosos que prestigiaram o show estavam Ashley Tisdale e a influencer Camila Coelho. E pra quem ama moda, um detalhe irresistÃ­vel: Kelsea usava uma blusa Rosa ChÃ¡, Ariana apostou em calÃ§as da [club220787517|Moonlight], um top com brilho da [club162309073|Givenchy] e finalizou o look com botas [club218217683|Christian Louboutin]. â € â €Uma noite de talento, emoÃ§Ã£o e muito estilo â€” daquelas que ficam marcadas na memÃ³ria (e na timeline)! [club225462802|â €]ã…¤[club228613265|â €]ã…¤[club223739346|â €]ã…¤[club225487280|â €]ã…¤[club224489990|â €]ã…¤[club219635650|â €]ã…¤[club223786853|â €]ã…¤[club223742396|â €]ã…¤[club224303320|â €] [club103861903|â €] ã…¤ ğ–­ğ–¤ğ–¶ ğ–¸ğ–®ğ–±ğ–ª, ğ–´ğ–²ğ–  â€“ ğ–©ğ–´ğ–«ğ–¸ ğŸ£ğŸ§, ğŸ¤ğŸ¢ğŸ¤ğŸ§: ğ– ğ—†ğ–¾ğ—‹ğ—‚ğ–¼ğ–ºğ—‡ ğ—Œğ—‚ğ—‡ğ—€ğ–¾ğ—‹, ğ–ºğ–¼ğ—ğ—‹ğ–¾ğ—Œğ—Œ, ğ–ºğ—‡ğ–½ ğ—†ğ—ˆğ–½ğ–¾ğ—… [id455589189|ğ– ğ—‹ğ—‚ğ–ºğ—‡ğ–º ğ–¦ğ—‹ğ–ºğ—‡ğ–½ğ–¾], ğ—†ğ–ºğ—‡ğ–ºğ—€ğ–¾ğ–½ ğ–»ğ—’ [club218164676|ğ–³ğ–¾ğ–ºğ—† ğ–¶ğ–ºğ—‡ğ—€] ğ–ºğ—‡ğ–½ [club212757720|ğ–¤ğ—…ğ—‚ğ—ğ–¾ ğ–¬ğ—ˆğ–½ğ–¾ğ—…ğ—Œ], ğ—‰ğ–¾ğ—‹ğ–¿ğ—ˆğ—‹ğ—†ğ–¾ğ–½ ğ—…ğ—‚ğ—ğ–¾ ğ–ºğ— ğ—ğ—ğ–¾ ğ– ğ—†ğ–ºğ—“ğ—ˆğ—‡ ğ–¬ğ—ğ—Œğ—‚ğ–¼ ğ–´ğ—‡ğ–»ğ—ˆğ—‘ğ—‚ğ—‡ğ—€ ğ–¯ğ—‹ğ—‚ğ—†ğ–¾ ğ–£ğ–ºğ—’ ğ–¾ğ—ğ–¾ğ—‡ğ—. ğ–©ğ—ğ—…ğ—’ ğŸ£ğŸ§, ğŸ¤ğŸ¢ğŸ¤ğŸ§, ğ—‚ğ—‡ ğ–­ğ–¾ğ— ğ–¸ğ—ˆğ—‹ğ—„, ğ–´ğ–²ğ– .",2025-07-16 10:30:00,pt,VK,AmazonMusic|ArianaGrande|SweetenerEra|LiveInNYC|EliteModel|TWacting|PopIcons|UnboxingPrimeDay2025,,,,False,1,Positive,Joy,"The comment mentions Givenchy in a positive context, specifically highlighting Ariana Grande wearing",False,,,
17893507518266977,"â€‰ Credit to neontwinn Happy Pride! There's so much to be said lately. What is going on in our world is a lot to process. I really enjoyed creating this look and playing with color- to honor the LGTBQ+ community. I love dark colors a lot yet this just made me happy. I miss creating makeup looks like this! Making art, serving looks- always feeds my heart. Products used: Eyes: meltcosmetics â€œMuerteâ€ palette & eyeliner in 420 anastasiabeverlyhills Brow Wiz Ash Brown kosas concealer dior concealer givenchy Mascara ardellbeauty lashes Silver Ring Face: hauslabs Foundation 210 patrickta Double Take in Flushed makeupbymario Soft Blur Powder 2 Neutral light elfcosmetics Beauty Wand Contour fentybeauty Bronzer Caramel -Primer: ritueldefille Thorn Oil Lips: meltcosmetics Ultra Matte Lipstick Catsuit danessamyricksbeauty Color Fix Glaze in Clear Hair: Styled by Me, from manicpanicnyc Headband: Evil Amazon Kimono: Vintage/Thrifted Bodysuit: cupshe #makeupartist #pride #wig #latina #protectlgbtyouth #protectthedolls #protectdreamers #mermaideyes","Credit to neontwinn Happy Pride! There's so much to be said lately. What is going on in our world is a lot to process. I really enjoyed creating this look and playing with color- to honor the LGTBQ+ community. I love dark colors a lot yet this just made me happy. I miss creating makeup looks like this! Making art, serving looks- always feeds my heart. Products used: Eyes: meltcosmetics â€œMuerteâ€ palette & eyeliner in 420 anastasiabeverlyhills Brow Wiz Ash Brown kosas concealer dior concealer givenchy Mascara ardellbeauty lashes Silver Ring Face: hauslabs Foundation 210 patrickta Double Take in Flushed makeupbymario Soft Blur Powder 2 Neutral light elfcosmetics Beauty Wand Contour fentybeauty Bronzer Caramel -Primer: ritueldefille Thorn Oil Lips: meltcosmetics Ultra Matte Lipstick Catsuit danessamyricksbeauty Color Fix Glaze in Clear Hair: Styled by Me, from manicpanicnyc Headband: Evil Amazon Kimono: Vintage/Thrifted Bodysuit: cupshe",2025-07-16 11:34:44,en,INSTAGRAM,makeupartist|pride|wig|latina|protectlgbtyouth|protectthedolls|protectdreamers|mermaideyes,,,,False,1,Neutral,Joy,The comment is primarily about a Pride-themed makeup look and does not focus specifically on Givench,False,,,
mov_AB9EA31C0CCE3A4D4EE68C83E842E033,"â€‰ 05:07 pm What's the story How Audrey Hepburn became a cultural icon in America is a fascinating story. Known for her distinctive style, work in humanitarian efforts, and unforgettable performances, Hepburn's influence went beyond the silver screen. She became a symbol of elegance and grace. Here's a look at the key elements that made her an icon- the fashion choices, the impactful roles in cinema, and more. Fashion impact 'Breakfast at Tiffany's' and fashion influence Hepburn's role in Breakfast at Tiffany's cemented her status as a fashion icon. The black dress she donned became synonymous with timeless elegance. Her association with designer Hubert de Givenchy set the trends that are still admired today. Hepburn's style was all about simplicity and sophistication, influencing countless fashion enthusiasts and designers across the globe. Humanitarian efforts Humanitarian work beyond Hollywood Beyond acting, Hepburn devoted much of her life to humanitarian work. As a UNICEF Goodwill Ambassador, she traveled extensively to raise awareness about children's issues in developing countries. Her commitment to helping others added depth to her public persona and endeared her further to audiences who admired not just her talent but also her compassion. Cinematic legacy Memorable roles that defined an era Hepburn has starred in many films that left an indelible mark on American cinema. Movies like Roman Holiday (for which she won an Academy Award) showcased her versatility as an actor. Her ability to portray both comedic and dramatic roles with equal finesse made each performance memorable, contributing significantly to the cultural landscape of Hollywood during that era. Personal style Timeless appeal through personal style Hepburn's style went beyond film sets and into real life. Famous for minimalistic yet chic outfits, she made looks like cropped pants and ballet flats or simple turtlenecks and tailored trousers iconic. These styles are still emulated by those seeking classic elegance without excess embellishment or complexity.","05:07 pm What's the story How Audrey Hepburn became a cultural icon in America is a fascinating story. Known for her distinctive style, work in humanitarian efforts, and unforgettable performances, Hepburn's influence went beyond the silver screen. She became a symbol of elegance and grace. Here's a look at the key elements that made her an icon- the fashion choices, the impactful roles in cinema, and more. Fashion impact 'Breakfast at Tiffany's' and fashion influence Hepburn's role in Breakfast at Tiffany's cemented her status as a fashion icon. The black dress she donned became synonymous with timeless elegance. Her association with designer Hubert de Givenchy set the trends that are still admired today. Hepburn's style was all about simplicity and sophistication, influencing countless fashion enthusiasts and designers across the globe. Humanitarian efforts Humanitarian work beyond Hollywood Beyond acting, Hepburn devoted much of her life to humanitarian work. As a UNICEF Goodwill Ambassador, she traveled extensively to raise awareness about children's issues in developing countries. Her commitment to helping others added depth to her public persona and endeared her further to audiences who admired not just her talent but also her compassion. Cinematic legacy Memorable roles that defined an era Hepburn has starred in many films that left an indelible mark on American cinema. Movies like Roman Holiday (for which she won an Academy Award) showcased her versatility as an actor. Her ability to portray both comedic and dramatic roles with equal finesse made each performance memorable, contributing significantly to the cultural landscape of Hollywood during that era. Personal style Timeless appeal through personal style Hepburn's style went beyond film sets and into real life. Famous for minimalistic yet chic outfits, she made looks like cropped pants and ballet flats or simple turtlenecks and tailored trousers iconic. These styles are still emulated by those seeking classic elegance without excess embellishment or complexity.",2025-07-16 11:37:17,en,WEB,,,,,False,1,Positive,Joy,"The comment is a glowing tribute to Audrey Hepburn, highlighting her cultural significance, fashion ",False,,,
1945515350549770444,â€‰ å‰ã‹ã‚‰æ°—ã«ãªã£ã¦ãŸã€è½ã¡ç€ãã‚«ãƒ©ãƒ¼ã®ãƒ¯ãƒ³ãƒ”ãƒ¼ã‚¹â€¦ å¤œã«ã€ä¸€äººã§ã¼ãƒ¼ã£ã¨çœºã‚ã¦ã‚‹æ™‚ã«ç€ã¦ã¿ãŸã„ãªâ€¦ GIVENCHY ãƒãƒ¼ã‚¹ãƒªãƒ¼ãƒ– ãƒ‡ã‚¶ã‚¤ãƒ³ ãƒ¯ãƒ³ãƒ”ãƒ¼ã‚¹ https://t.co/jwkAjadTBi,å‰ã‹ã‚‰æ°—ã«ãªã£ã¦ãŸã€è½ã¡ç€ãã‚«ãƒ©ãƒ¼ã®ãƒ¯ãƒ³ãƒ”ãƒ¼ã‚¹â€¦ å¤œã«ã€ä¸€äººã§ã¼ãƒ¼ã£ã¨çœºã‚ã¦ã‚‹æ™‚ã«ç€ã¦ã¿ãŸã„ãªâ€¦ GIVENCHY ãƒãƒ¼ã‚¹ãƒªãƒ¼ãƒ– ãƒ‡ã‚¶ã‚¤ãƒ³ ãƒ¯ãƒ³ãƒ”ãƒ¼ã‚¹,2025-07-16 16:06:20,ja,TWITTER,,,,,False,1,Positive,Anticipation,The comment appears to be in Japanese and expresses a personal desire and curiosity about a Givenchy,False,,,
1945570698665365703,â€‰ ã“ã®ãƒ¯ãƒ³ãƒ”ãƒ¼ã‚¹â€¦ç€ã¦ãŸã‚‰ã€ãªã‚“ã‹ä¸æ€è­°ãªæ°—åˆ†ã«ãªã‚‹ã‚“ã ã‘ã©ã€‚ ã‚·ãƒ«ã‚¨ãƒƒãƒˆã‚‚å¯æ„›ãã¦ã€ãŠä»•äº‹ã«ã‚‚ç€ã¦è¡Œã‘ãã†ã ã—ã€ãŠå‡ºã‹ã‘ã«ã‚‚ãƒ”ãƒƒã‚¿ãƒªã€‚ ã‚‚ã—ã‹ã—ã¦ã€ã“ã‚Œã¯é­”æ³•ã®ãƒ¯ãƒ³ãƒ”ãƒ¼ã‚¹ï¼Ÿ GIVENCHY ã‚¿ã‚¤ä»˜ã‚·ãƒ•ã‚©ãƒ³ãƒ¯ãƒ³ãƒ”ãƒ¼ã‚¹ é»’ ã‚µã‚¤ã‚º10 1/2*CD925 https://t.co/YKlXAbxkWh,ã“ã®ãƒ¯ãƒ³ãƒ”ãƒ¼ã‚¹â€¦ç€ã¦ãŸã‚‰ã€ãªã‚“ã‹ä¸æ€è­°ãªæ°—åˆ†ã«ãªã‚‹ã‚“ã ã‘ã©ã€‚ ã‚·ãƒ«ã‚¨ãƒƒãƒˆã‚‚å¯æ„›ãã¦ã€ãŠä»•äº‹ã«ã‚‚ç€ã¦è¡Œã‘ãã†ã ã—ã€ãŠå‡ºã‹ã‘ã«ã‚‚ãƒ”ãƒƒã‚¿ãƒªã€‚ ã‚‚ã—ã‹ã—ã¦ã€ã“ã‚Œã¯é­”æ³•ã®ãƒ¯ãƒ³ãƒ”ãƒ¼ã‚¹ï¼Ÿ GIVENCHY ã‚¿ã‚¤ä»˜ã‚·ãƒ•ã‚©ãƒ³ãƒ¯ãƒ³ãƒ”ãƒ¼ã‚¹ é»’ ã‚µã‚¤ã‚º10 1/2*CD925,2025-07-16 19:46:16,ja,TWITTER,,,,,False,1,Positive,Joy,"The comment expresses enthusiasm and delight about a Givenchy dress, describing it as cute and versa",False,,,
1945595768166924320,â€‰ Princess Charlotte's dress at Wimbledon 2025 was a bespoke design by Sarah Burton for Givenchy. Do you think Givenchy has been begging for years for the chance to make up for that disaster of a bridesmaid's dress? https://t.co/3CTuZwLV4q,Princess Charlotte's dress at Wimbledon 2025 was a bespoke design by Sarah Burton for Givenchy. Do you think Givenchy has been begging for years for the chance to make up for that disaster of a bridesmaid's dress?,2025-07-16 21:25:53,en,TWITTER,,,,,False,1,Negative,Anger,"The comment suggests a critical view of Givenchy, referencing a previous ""disaster of a bridesmaid's",False,,,
10203743811229042_10225454445061319,"â€‰ this look was sooo fun! Hat: Lids blinged out Niesha Dupree . . vest: Amazon.com Styled and bling Niesha Dupree Tee shirt: Nikki Bling skirt: Amazon, makeup: SonSequio Styles boots: Givenchy Shades: Givenchy Wig: beauty supply store","this look was sooo fun! Hat: Lids blinged out Niesha Dupree . . vest: Amazon.com Styled and bling Niesha Dupree Tee shirt: Nikki Bling skirt: Amazon, makeup: SonSequio Styles boots: Givenchy Shades: Givenchy Wig: beauty supply store",2025-07-17 02:44:12,en,FACEBOOK,,,,,False,1,Positive,Joy,The comment expresses enthusiasm about a fashion look that includes Givenchy items (boots and shades,False,,,
1945678701250666557,â€‰ Tracee Ellis Ross in white leather Givenchy Fall 2025 by Sarah Burton! This silhouette is one of her signatures and is perfect on her! https://t.co/C41w94rOiC,Tracee Ellis Ross in white leather Givenchy Fall 2025 by Sarah Burton! This silhouette is one of her signatures and is perfect on her!,2025-07-17 02:55:25,en,TWITTER,,,,,False,1,Positive,Joy,The comment expresses enthusiasm about Tracee Ellis Ross wearing a Givenchy Fall 2025 white leather ,False,,,
1945706577983324667,â€‰ ã†ã‚ãâ€¦ã‚¸ãƒãƒ³ã‚·ã‚£ã®ãƒ–ãƒ©ãƒƒã‚¯ãƒ•ã‚©ãƒ¼ãƒãƒ«ãƒ¯ãƒ³ãƒ”ãƒ¼ã‚¹ã€ã¾ã˜ã§ç¥ãƒ¬ãƒ™ãƒ«ã®ç¾ã—ã•ã˜ã‚ƒã‚“ï¼ ã‚·ãƒ«ã‚¨ãƒƒãƒˆã‚‚ä¸Šå“ã ã—ã€ç´ æã‚‚ãªã‚ã‚‰ã‹ãã†ã€‚ ç€ã¦ã¿ãŸã‚‰ã€ãã£ã¨ç‰¹åˆ¥ãªæ—¥ã«ãµã•ã‚ã—ã„ã€å¿˜ã‚Œã‚‰ã‚Œãªã„è¼ãã‚’æ”¾ã¡ãã†ï¼ è©³ç´°æ°—ã«ãªã‚‹ãƒ¼ï¼ ã‚¸ãƒãƒ³ã‚·ã‚£ GIVENCHY ãƒ–ãƒ©ãƒƒã‚¯ãƒ•ã‚©ãƒ¼ https://t.co/18sieBBOTf,ã†ã‚ãâ€¦ã‚¸ãƒãƒ³ã‚·ã‚£ã®ãƒ–ãƒ©ãƒƒã‚¯ãƒ•ã‚©ãƒ¼ãƒãƒ«ãƒ¯ãƒ³ãƒ”ãƒ¼ã‚¹ã€ã¾ã˜ã§ç¥ãƒ¬ãƒ™ãƒ«ã®ç¾ã—ã•ã˜ã‚ƒã‚“ï¼ ã‚·ãƒ«ã‚¨ãƒƒãƒˆã‚‚ä¸Šå“ã ã—ã€ç´ æã‚‚ãªã‚ã‚‰ã‹ãã†ã€‚ ç€ã¦ã¿ãŸã‚‰ã€ãã£ã¨ç‰¹åˆ¥ãªæ—¥ã«ãµã•ã‚ã—ã„ã€å¿˜ã‚Œã‚‰ã‚Œãªã„è¼ãã‚’æ”¾ã¡ãã†ï¼ è©³ç´°æ°—ã«ãªã‚‹ãƒ¼ï¼ ã‚¸ãƒãƒ³ã‚·ã‚£ GIVENCHY ãƒ–ãƒ©ãƒƒã‚¯ãƒ•ã‚©ãƒ¼,2025-07-17 04:46:12,ja,TWITTER,,,,,False,1,Positive,Joy,"The comment expresses strong admiration and excitement about a Givenchy black formal dress, using en",False,,,
44DF2738300840B12C56DCAB4CD23D30,"â€‰ Appearances at Wimbledon and a French state visit symbolize a new kind of style. Earlier this year, when Catherine, the Princess of Wales, returned to the public eye after her treatment for cancer, The Sunday Times of London reported that she was doing so with a caveat: She wanted to focus on her work, not her clothes. Her office would no longer share information about what she wore. Cue shock and horror. Even if it was understandable, given what she had been through, and even if the report was later disputed by the palace itself, it sent tremors through the fashion-watching community. That was partly because the princess could change the fortunes of a designer or a brand simply by wearing a dress. And it was partly because she had long used her place in the attention economy to shine a light not just on British products, but on issues like sustainability by remaking and rewearing pieces from her closet, and even renting the occasional evening gown. Mostly, though, it was because the clothes are an expression of her role as a symbol -- of the country and that fine line between continuity and modernization. Stepping back from one suggested she was stepping back from the other. It's a weird thing to essentially be an avatar, but it's the job. As her appearance at the Wimbledon men's and women's finals, and at the French state visit, demonstrated, however, Catherine may be more selective about her appearances (she did skip Ascot), but she is no less strategic. She is simply being Catherine 3.0. There she was, after all, at the state visit, welcoming Emmanuel and Brigitte Macron in a blush-colored Dior suit with a New Look jacket and a skirt covered in net, just brushing her calves. The brand is both classic French and about to be led by a designer from Northern Ireland who was trained in Britain. It was a considered nod to political alliance (the kind she has practiced since marrying Prince William) that she repeated at the French state banquet, wearing a red Givenchy gown with a built-in cape sweeping down from her shoulders. It was regal, sure, but also strategic, given that Givenchy is now designed by Sarah Burton, the British designer who made Catherine's wedding gown and who has been her collaborator on numerous high-profile public occasions. Talk about entente. And there Catherine was at the Wimbledon women's final in a cream jacket and long pleated skirt, a coolly appropriate riff on tennis whites and her position as patron of the All England Lawn Tennis & Croquet Club. So, too, the royal blue ankle-length Roksanda dress she wore to the men's final was perfectly coordinated with Prince William's blue blazer, Prince George's blue suit and Princess Charlotte's white dress trimmed in blue, all creating a literal picture of family unity. All demonstrating that Catherine is as attuned as ever to the role image-making plays in her job. That's not new. What is new, however, is the style in which she is doing it, and its consistency. Her skirts have gotten longer, her jackets more tailored, her silhouette more streamlined. The effect of dropping her hemlines even a few inches is both oddly nostalgic and sophisticated, gently protective. A reminder that she is dressing for the long game. Like the lanky pantsuits she had adopted for her everyday appearances, her style is shaping up as a new formula for dressing. As recognizable, in its own way, as the monochrome formula that served Queen Elizabeth II so well: shoes-to-coat-to-dress-to-hat in one shade. And it brings a new dimension to the symbolism inherent in Catherine's role. She is representing not just the next generation of the royal family, which itself represents tradition. She is representing the idea of elegance emerging from adversity, an idea that has both micro and macro associations. Who couldn't use some of that right about now?","Appearances at Wimbledon and a French state visit symbolize a new kind of style. Earlier this year, when Catherine, the Princess of Wales, returned to the public eye after her treatment for cancer, The Sunday Times of London reported that she was doing so with a caveat: She wanted to focus on her work, not her clothes. Her office would no longer share information about what she wore. Cue shock and horror. Even if it was understandable, given what she had been through, and even if the report was later disputed by the palace itself, it sent tremors through the fashion-watching community. That was partly because the princess could change the fortunes of a designer or a brand simply by wearing a dress. And it was partly because she had long used her place in the attention economy to shine a light not just on British products, but on issues like sustainability by remaking and rewearing pieces from her closet, and even renting the occasional evening gown. Mostly, though, it was because the clothes are an expression of her role as a symbol -- of the country and that fine line between continuity and modernization. Stepping back from one suggested she was stepping back from the other. It's a weird thing to essentially be an avatar, but it's the job. As her appearance at the Wimbledon men's and women's finals, and at the French state visit, demonstrated, however, Catherine may be more selective about her appearances (she did skip Ascot), but she is no less strategic. She is simply being Catherine 3.0. There she was, after all, at the state visit, welcoming Emmanuel and Brigitte Macron in a blush-colored Dior suit with a New Look jacket and a skirt covered in net, just brushing her calves. The brand is both classic French and about to be led by a designer from Northern Ireland who was trained in Britain. It was a considered nod to political alliance (the kind she has practiced since marrying Prince William) that she repeated at the French state banquet, wearing a red Givenchy gown with a built-in cape sweeping down from her shoulders. It was regal, sure, but also strategic, given that Givenchy is now designed by Sarah Burton, the British designer who made Catherine's wedding gown and who has been her collaborator on numerous high-profile public occasions. Talk about entente. And there Catherine was at the Wimbledon women's final in a cream jacket and long pleated skirt, a coolly appropriate riff on tennis whites and her position as patron of the All England Lawn Tennis & Croquet Club. So, too, the royal blue ankle-length Roksanda dress she wore to the men's final was perfectly coordinated with Prince William's blue blazer, Prince George's blue suit and Princess Charlotte's white dress trimmed in blue, all creating a literal picture of family unity. All demonstrating that Catherine is as attuned as ever to the role image-making plays in her job. That's not new. What is new, however, is the style in which she is doing it, and its consistency. Her skirts have gotten longer, her jackets more tailored, her silhouette more streamlined. The effect of dropping her hemlines even a few inches is both oddly nostalgic and sophisticated, gently protective. A reminder that she is dressing for the long game. Like the lanky pantsuits she had adopted for her everyday appearances, her style is shaping up as a new formula for dressing. As recognizable, in its own way, as the monochrome formula that served Queen Elizabeth II so well: shoes-to-coat-to-dress-to-hat in one shade. And it brings a new dimension to the symbolism inherent in Catherine's role. She is representing not just the next generation of the royal family, which itself represents tradition. She is representing the idea of elegance emerging from adversity, an idea that has both micro and macro associations. Who couldn't use some of that right about now?",2025-07-17 07:21:55,en,PRINT,,,,,False,1,Positive,Trust,"The comment discusses Givenchy in a highly favorable context, specifically praising Catherine, Princ",False,,,
n3mtvmv,"â€‰ I own both Mulberry and CÃ©line. (And yes I put the accent on because it was there when Phoebe Philo designed the bag.) Some people think the Luggage is dated, but I think it will make a comeback based on the latest collection. You cannot go wrong with Mulberry, but it's not in the same tier of luxury as the other brands (again, I'm saying this as someone who just pulled her phone out of her Mulberry bag and the price point makes that obvious so I'm not shading the brand at all. That being said I'd consider getting one of their permanent collection bags (Lily, Bayswater, Alexa) if any of them are of interest vs. one of the more seasonal styles. I would actually go with the Givenchy if you can find one in good condition. The shape is incredible and it can carry a lot.","I own both Mulberry and CÃ©line. (And yes I put the accent on because it was there when Phoebe Philo designed the bag.) Some people think the Luggage is dated, but I think it will make a comeback based on the latest collection. You cannot go wrong with Mulberry, but it's not in the same tier of luxury as the other brands (again, I'm saying this as someone who just pulled her phone out of her Mulberry bag and the price point makes that obvious so I'm not shading the brand at all. That being said I'd consider getting one of their permanent collection bags (Lily, Bayswater, Alexa) if any of them are of interest vs. one of the more seasonal styles. I would actually go with the Givenchy if you can find one in good condition. The shape is incredible and it can carry a lot.",2025-07-17 14:08:21,en,REDDIT,,,,,False,1,Neutral,Trust,"The comment mentions Givenchy in a generally positive light, suggesting the brand's bag has an ""incr",False,,,
1945898370767237460,"â€‰ STEAL! Versace Dylan Blue Perfume, as low as $55, retail $130! https://t.co/y9aqONHhK8 Givenchy Gentleman Cologne, $68, retail $137! https://t.co/sdnmVXGy7V https://t.co/97wwmAzRSa","STEAL! Versace Dylan Blue Perfume, as low as $55, retail $130! Givenchy Gentleman Cologne, $68, retail $137!",2025-07-17 17:28:19,en,TWITTER,,,,cluster_2,True,6,Positive,Joy,"The comment expresses excitement about finding discounted prices for luxury fragrances, specifically",False,,,
1945907593987211528,"â€‰ STEAL! Versace Dylan Blue Perfume, as low as $55, retail $130! https://t.co/Bpp3e1Vojb Givenchy Gentleman Cologne, $68, retail $137! https://t.co/gtB9B0l5uU","STEAL! Versace Dylan Blue Perfume, as low as $55, retail $130! Givenchy Gentleman Cologne, $68, retail $137!",2025-07-17 18:04:58,en,TWITTER,,,,cluster_2,False,6,Positive,Joy,"The comment expresses excitement about finding discounted prices for luxury fragrances, specifically",True,True,Medium,3.512683391571045
1945923270261571773,â€‰ $68. xx Givenchy Gentleman Boisee For Men Eau De Parfume Spray 3.4 Ounce https://t.co/9mf5LnyW62,$68. xx Givenchy Gentleman Boisee For Men Eau De Parfume Spray 3.4 Ounce,2025-07-17 19:07:15,en,TWITTER,,,,,False,1,Neutral,Anticipation,The comment appears to be a straightforward product listing with a price and product details for a G,False,,,
1945944151121379773,"â€‰ Givenchy Irresistible EDP, Lotion, & Lip Stick Collection https://t.co/2JRkEo7U4y","Givenchy Irresistible EDP, Lotion, & Lip Stick Collection",2025-07-17 20:30:14,en,TWITTER,,,,,False,1,Neutral,Anticipation,The comment appears to be a neutral product link or advertisement for a Givenchy fragrance collectio,False,,,
30517647447851261_1722179698418725,â€‰ Tienen el Givenchy Gentlenan el viejito. ???,Tienen el Givenchy Gentlenan el viejito. ???,2025-07-17 22:34:14,es,FACEBOOK,,,,,False,1,Neutral,Neutral,The comment appears to be a fragmented Spanish phrase asking about an older version of the Givenchy ,False,,,
1946025291706773985,â€‰ SPR_COMBO[ja]' ã‚¸ãƒãƒ³ã‚·ã‚¤ GIVENCHY ã‚ªãƒ«ã‚¬ãƒ³ã‚¶ 100ml EDP SP fs ã€ä¸¦è¡Œè¼¸å…¥å“ã€‘ #ad https://t.co/ql3UYJ9gQm,SPR_COMBO[ja]' ã‚¸ãƒãƒ³ã‚·ã‚¤ GIVENCHY ã‚ªãƒ«ã‚¬ãƒ³ã‚¶ 100ml EDP SP fs ã€ä¸¦è¡Œè¼¸å…¥å“ã€‘,2025-07-18 01:52:39,ja,TWITTER,ad,,,,False,1,Neutral,Neutral,The comment appears to be a product listing or advertisement for a Givenchy fragrance (Organza 100ml,False,,,
1946025490277663094,"â€‰ @RaheemAdam15 @it_Rutie Haha, RaheemAdam15, I dey feel the vibe too! it_Rutie, that Storm Elixir and La-Interdit combo sounds like a smart, lasting pick under 10k. If na dupe for Givenchy, e fit hold scent for hours. Wetin you think?","Haha, RaheemAdam15, I dey feel the vibe too! it_Rutie, that Storm Elixir and La-Interdit combo sounds like a smart, lasting pick under 10k. If na dupe for Givenchy, e fit hold scent for hours. Wetin you think?",2025-07-18 01:53:26,en,TWITTER,,RaheemAdam15|it_Rutie,,,False,1,Positive,Anticipation,"The comment expresses enthusiasm about Givenchy fragrances, specifically discussing Storm Elixir and",False,,,
1946040274087461301,"â€‰ STEAL! Versace Dylan Blue Perfume, as low as $55, retail $130! https://t.co/y9aqONHhK8 Givenchy Gentleman Cologne, $68, retail $137! https://t.co/sdnmVXGy7V https://t.co/pwgDEHSdo1","STEAL! Versace Dylan Blue Perfume, as low as $55, retail $130! Givenchy Gentleman Cologne, $68, retail $137!",2025-07-18 02:52:11,en,TWITTER,,,,cluster_2,False,6,Positive,Joy,"The comment expresses excitement about finding discounted prices for luxury fragrances, specifically",True,True,Medium,3.512683391571045
1946141324010541374,â€‰ SPR_COMBO[ja]' GIVENCHY(ã‚¸ãƒãƒ³ã‚·ã‚¤) ã‚¸ã‚§ãƒˆãƒ«ãƒãƒ³ ã‚ªãƒ³ãƒªãƒ¼ EDT 100mL 100ãƒŸãƒªãƒªãƒƒãƒˆãƒ« (x 1) #ad https://t.co/0DzdaonsDq,SPR_COMBO[ja]' GIVENCHY(ã‚¸ãƒãƒ³ã‚·ã‚¤) ã‚¸ã‚§ãƒˆãƒ«ãƒãƒ³ ã‚ªãƒ³ãƒªãƒ¼ EDT 100mL 100ãƒŸãƒªãƒªãƒƒãƒˆãƒ« (x 1),2025-07-18 09:33:43,ja,TWITTER,ad,,,,False,1,Neutral,Neutral,The comment appears to be a product advertisement or social media post about a Givenchy fragrance (G,False,,,
1946184758586986953,"â€‰ ğŸ’„ å•†å“åï¼šã€å›½å†…æ­£è¦å“ã€‘GIVENCHY ã‚¸ãƒãƒ³ã‚·ã‚¤ ãƒ«ãƒ¼ã‚¸ãƒ¥ãƒ»ã‚¢ãƒ³ãƒ†ãƒ«ãƒ‡ã‚£ãƒ»ãƒãƒ¼ãƒ  (#00 ã‚¯ãƒªâ€¦ ğŸ·ï¸ ãƒ–ãƒ©ãƒ³ãƒ‰ï¼šGivenchy ğŸ‘› ä¾¡æ ¼ï¼šï¿¥5,380 (ï¿¥1,582 / ã‚°ãƒ©ãƒ ) ğŸ”— å•†å“URLï¼šhttps://t.co/z44KhRHy3Z 2025å¹´07æœˆ18æ—¥ 21:26 pr #Amazon","å•†å“åï¼šã€å›½å†…æ­£è¦å“ã€‘GIVENCHY ã‚¸ãƒãƒ³ã‚·ã‚¤ ãƒ«ãƒ¼ã‚¸ãƒ¥ãƒ»ã‚¢ãƒ³ãƒ†ãƒ«ãƒ‡ã‚£ãƒ»ãƒãƒ¼ãƒ  ( ã‚¯ãƒªâ€¦ ãƒ–ãƒ©ãƒ³ãƒ‰ï¼šGivenchy ä¾¡æ ¼ï¼šï¿¥5,380 (ï¿¥1,582 / ã‚°ãƒ©ãƒ ) å•†å“URLï¼š 2025å¹´07æœˆ18æ—¥ 21:26 pr",2025-07-18 12:26:19,ja,TWITTER,00|Amazon,,ğŸ”—ğŸ·ï¸ğŸ‘›ğŸ’„,,False,1,Neutral,Anticipation,The comment appears to be a product listing or advertisement for a Givenchy lipstick/cosmetic produc,False,,,
1946244989467369491,â€‰ @ScootaDaGreat55 Them toughâ€¦ let me check my inventory to give mine: Burberry Hero Fragrance Story Kill YSL La Nuit de l'homme Givenchy Gentleman Reserved Hawas Fire,Them toughâ€¦ let me check my inventory to give mine: Burberry Hero Fragrance Story Kill YSL La Nuit de l'homme Givenchy Gentleman Reserved Hawas Fire,2025-07-18 16:25:39,en,TWITTER,,ScootaDaGreat55,,,False,1,Neutral,Anticipation,The comment appears to be a casual mention of Givenchy Gentleman fragrance within a list of other fr,False,,,
1946251354873470976,"â€‰ @BragadiruN @elonmusk Givenchy is a French luxury fashion house founded in 1952, renowned for perfumes like the Play line launched in 2008. Play bottles are designed like MP3 players (resembling iPods) by Serge Mansau, inspired by portable media devices to evoke modernity and playfulness.","Givenchy is a French luxury fashion house founded in 1952, renowned for perfumes like the Play line launched in 2008. Play bottles are designed like MP3 players (resembling iPods) by Serge Mansau, inspired by portable media devices to evoke modernity and playfulness.",2025-07-18 16:50:57,en,TWITTER,,BragadiruN|elonmusk,,,False,1,Positive,Anticipation,The comment provides an informative and appreciative description of Givenchy's brand history and des,False,,,
18052843133605784,"â€‰ ğŸ† ğŸ‰ Â¡Tenemos ganador! ğŸ‰ Hoy descubrimos quiÃ©n se llevÃ³ este elegante Givenchy Gentleman EDT 100â€¯ml tester ğŸ™Œ ğŸ§¡ Felicidades Felipe Cardenas Gracias a cada uno que participÃ³ y confiÃ³ en Perfumistikâ€¯MX. Â¿Te lo perdiste? ğŸ“Œ No te preocupes: pronto lanzaremos mÃ¡s rifas y promociones. ğŸ“¦ Â¿Quieres ver nuestra selecciÃ³n de decants, muestras originales desde 1-10ml? Â¡Super variadas! #giveawaywinner #GentlemanEDT #Givenchy #perfumeaddict #perfumegiveaway #fragrancegiveaway #PerfumistikMX #perfume #fragrancelover","Â¡Tenemos ganador! Hoy descubrimos quiÃ©n se llevÃ³ este elegante Givenchy Gentleman EDT 100 ml tester Felicidades Felipe Cardenas Gracias a cada uno que participÃ³ y confiÃ³ en Perfumistik MX. Â¿Te lo perdiste? No te preocupes: pronto lanzaremos mÃ¡s rifas y promociones. Â¿Quieres ver nuestra selecciÃ³n de decants, muestras originales desde 1-10ml? Â¡Super variadas!",2025-07-18 18:06:59,es,INSTAGRAM,giveawaywinner|GentlemanEDT|Givenchy|perfumeaddict|perfumegiveaway|fragrancegiveaway|PerfumistikMX|perfume|fragrancelover,,ğŸ‰ğŸ™ŒğŸ“ŒğŸ§¡ğŸ“¦ğŸ†,,False,1,Positive,Joy,"The comment is a celebratory post about a Givenchy fragrance giveaway, announcing the winner (Felipe",False,,,
UgxRQAJG3AYMBsZ003l4AaABAg,"â€‰ I am awating your review of dior powder. I feel like it is soo hard to find a good setting compact powder for mature skin that doesn't turn u into sahara desert. I currently set with loose powder from ysl which is luminouse and just ordered a  moisture jp powder. So please pls do a comparison of dior v. Givenchyâ¤ DM stick look very unique but I am scared they will look too much on me. If you consider yourself boring, I must be dull as h....l but I will not deny, `i am v tempted by the colours and the ease of use.","I am awating your review of dior powder. I feel like it is soo hard to find a good setting compact powder for mature skin that doesn't turn u into sahara desert. I currently set with loose powder from ysl which is luminouse and just ordered a moisture jp powder. So please pls do a comparison of dior v. Givenchy DM stick look very unique but I am scared they will look too much on me. If you consider yourself boring, I must be dull as h....l but I will not deny, `i am v tempted by the colours and the ease of use.",2025-07-18 19:21:51,en,YOUTUBE,,,â¤,,False,1,Neutral,Anticipation,"The comment is primarily focused on seeking information and comparing makeup products, with a mix of",False,,,
1946317733869535356,â€‰ SPR_COMBO[pt]passei o pÃ³ da givenchy pra sair hj e parece que usei blur na foto do story ğŸ’…ğŸ»,SPR_COMBO[pt]passei o pÃ³ da givenchy pra sair hj e parece que usei blur na foto do story,2025-07-18 21:14:43,pt,TWITTER,,,ğŸ’…ğŸ»,,False,1,Positive,Joy,"The comment is in Portuguese and appears to be a playful, lighthearted statement about using Givench",False,,,
1946389530258354349,"â€‰ Givenchy Gentleman Cologne, $68, retail $137! https://t.co/YipKiJsK1C 1200W Portable Handheld Garment Steamer for $29.99, reg $59.99! -- Use Promo Code DO55MBRO https://t.co/dEBXtG1ban https://t.co/pxTK8Qcree","Givenchy Gentleman Cologne, $68, retail $137! 1200W Portable Handheld Garment Steamer for $29.99, reg $59.99! -- Use Promo Code DO55MBRO",2025-07-19 02:00:00,en,TWITTER,,,,cluster_1,True,14,Neutral,Anticipation,The comment appears to be a promotional advertisement highlighting a discounted price for Givenchy G,False,,,
mov_BD15E6AF2E178969D175ED8CC1B4640F,"â€‰ KENT, OH. - The Kent State University Museum presents its summer exhibition titled Sparkle: The Style and Jewelry of Aileen Mehle. In honor of the Kent State University Museums 40th anniversary, this exhibition pays tribute to Aileen Mehle, a friend of the museum founders and widely syndicated society columnist. The exhibition features evening dresses and jewelry from Mehle that is being displayed in the museums historic Higbee Gallery from July 18, 2025, through Aug. 23, 2026. Aileen Mehle had so much taste and enthusiasm that it is fitting to pay tribute to her as we celebrate 40 years of the Kent State University Museum, stated Kent State University Museum Curator Sara Hume, Ph.D. Her career as a journalist attests to her brilliant wit and driving work ethic, yet she took extraordinary care in presenting herself appropriately for the variety of social occasions she reported on. She is an underappreciated style icon who is finally getting her due. Mehle, who lived from 1918 to 2016, wrote under the pseudonym Suzy Knickerbocker and enjoyed a career spanning five decades from the 1950s until her final column in 2005, which she wrote at the age of 87. This exhibition celebrates the sparkle of her style and the sparkle of her wit, Hume said. Mehle dressed in Pauline TrigÃ¨re, Oscar de la Renta, Geoffrey Beene, Yves Saint Laurent and Givenchy while wearing jewelry by David Webb, Cartier and Tiffany & Co. as well as bags by Judith Leiber and Bulgari. The exhibition features nearly two dozen vintage David Webb pieces. Aileen Mehle was the consummate David Webb collector: a self-assured woman of style who purchased countless treasures for herself and gave bejeweled gifts to her friends, noted Levi Higgs, David Webbs head of archives and brand heritage. Her records tell the story of a gregarious woman-about-town with impeccable taste and who embodied a bold and courageous sense of self-expression. Aileen Mehle was known for accessorizing her glamorous evening looks with dazzling statement jewelry, said Kent State University Museum Collections Manager/Registrar Joanne Fenn, who co-curated the exhibition with Hume. We are thrilled to debut her exceptional collection featuring work from influential jewelry designers such as Jean Schlumberger, Paloma Picasso, Bulgari and more. This exhibition promises to both inspire and engage students, offering a rare glimpse into the artistry and craftsmanship of these iconic creators. In an era before everyone could turn to social media to discover who was going where or who was seeing whom, Suzy, as Aileen Mehle was known to her devoted fans, kept us all abreast of the comings and goings as well as the juicy scandals of New Yorks social set, said Armand Limnander, executive editor of W. Her dazzling jewelry and clothing collection is testament to the time in which she lived and the world she inhabited. Among the approximately 20 dresses from the 1960s through the 1990s mounted in the exhibition is the beaded dress by Nilo de Paul that she wore to Truman Capotes Black and White Ball in 1966 alongside a selection of her jewelry that range from vintage earrings from the 1930s to statement necklaces and bracelets from the 1980s. Aileen aka Suzy moved in rarefied circles, or should I say, rarefied circles moved around Aileen. She was, in the years she wrote for WWD, almost always bedecked in frills and froth, sometimes with a boa wrapped around her, said James Fallon, chief content officer of Fairchild Media Group and WWD. But those soft outfits covered a steely reporter whose eyes never missed anything and whose ears heard every whisper of affairs, scandals and the latest social gossip. She was repeatedly asked to write a tell-all book about her life but would always respond that she knew too many secrets to tell them all. It is a clichÃ© to say someone is one of a kind, but in Aileens case, there is no better description. This exhibition reflects the spirit of our 40th anniversary season honoring our history, showcasing our extraordinary collection and articulating a bold and engaging vision for our future, said Kent State University Museum Director Sarah Spinner Liska, Ph.D., J.D. The Sparkle: The Style and Jewelry of Aileen Mehle exhibition includes a specially designed installation an imagined, custom-built closet showcasing Mehles garments, offering an intimate and engaging glimpse into her iconic style.","KENT, OH. - The Kent State University Museum presents its summer exhibition titled Sparkle: The Style and Jewelry of Aileen Mehle. In honor of the Kent State University Museums 40th anniversary, this exhibition pays tribute to Aileen Mehle, a friend of the museum founders and widely syndicated society columnist. The exhibition features evening dresses and jewelry from Mehle that is being displayed in the museums historic Higbee Gallery from July 18, 2025, through Aug. 23, 2026. Aileen Mehle had so much taste and enthusiasm that it is fitting to pay tribute to her as we celebrate 40 years of the Kent State University Museum, stated Kent State University Museum Curator Sara Hume, Ph.D. Her career as a journalist attests to her brilliant wit and driving work ethic, yet she took extraordinary care in presenting herself appropriately for the variety of social occasions she reported on. She is an underappreciated style icon who is finally getting her due. Mehle, who lived from 1918 to 2016, wrote under the pseudonym Suzy Knickerbocker and enjoyed a career spanning five decades from the 1950s until her final column in 2005, which she wrote at the age of 87. This exhibition celebrates the sparkle of her style and the sparkle of her wit, Hume said. Mehle dressed in Pauline TrigÃ¨re, Oscar de la Renta, Geoffrey Beene, Yves Saint Laurent and Givenchy while wearing jewelry by David Webb, Cartier and Tiffany & Co. as well as bags by Judith Leiber and Bulgari. The exhibition features nearly two dozen vintage David Webb pieces. Aileen Mehle was the consummate David Webb collector: a self-assured woman of style who purchased countless treasures for herself and gave bejeweled gifts to her friends, noted Levi Higgs, David Webbs head of archives and brand heritage. Her records tell the story of a gregarious woman-about-town with impeccable taste and who embodied a bold and courageous sense of self-expression. Aileen Mehle was known for accessorizing her glamorous evening looks with dazzling statement jewelry, said Kent State University Museum Collections Manager/Registrar Joanne Fenn, who co-curated the exhibition with Hume. We are thrilled to debut her exceptional collection featuring work from influential jewelry designers such as Jean Schlumberger, Paloma Picasso, Bulgari and more. This exhibition promises to both inspire and engage students, offering a rare glimpse into the artistry and craftsmanship of these iconic creators. In an era before everyone could turn to social media to discover who was going where or who was seeing whom, Suzy, as Aileen Mehle was known to her devoted fans, kept us all abreast of the comings and goings as well as the juicy scandals of New Yorks social set, said Armand Limnander, executive editor of W. Her dazzling jewelry and clothing collection is testament to the time in which she lived and the world she inhabited. Among the approximately 20 dresses from the 1960s through the 1990s mounted in the exhibition is the beaded dress by Nilo de Paul that she wore to Truman Capotes Black and White Ball in 1966 alongside a selection of her jewelry that range from vintage earrings from the 1930s to statement necklaces and bracelets from the 1980s. Aileen aka Suzy moved in rarefied circles, or should I say, rarefied circles moved around Aileen. She was, in the years she wrote for WWD, almost always bedecked in frills and froth, sometimes with a boa wrapped around her, said James Fallon, chief content officer of Fairchild Media Group and WWD. But those soft outfits covered a steely reporter whose eyes never missed anything and whose ears heard every whisper of affairs, scandals and the latest social gossip. She was repeatedly asked to write a tell-all book about her life but would always respond that she knew too many secrets to tell them all. It is a clichÃ© to say someone is one of a kind, but in Aileens case, there is no better description. This exhibition reflects the spirit of our 40th anniversary season honoring our history, showcasing our extraordinary collection and articulating a bold and engaging vision for our future, said Kent State University Museum Director Sarah Spinner Liska, Ph.D., J.D. The Sparkle: The Style and Jewelry of Aileen Mehle exhibition includes a specially designed installation an imagined, custom-built closet showcasing Mehles garments, offering an intimate and engaging glimpse into her iconic style.",2025-07-19 02:41:10,en,WEB,,,,,False,1,Neutral,Trust,"The comment does not directly discuss Givenchy's fragrances or brand, but merely mentions Givenchy a",False,,,
1946404629752778976,"â€‰ Givenchy Gentleman Cologne, $68, retail $137! https://t.co/YipKiJsK1C 1200W Portable Handheld Garment Steamer for $29.99, reg $59.99! -- Use Promo Code DO55MBRO https://t.co/dEBXtG1ban https://t.co/mUiGVwNc9D","Givenchy Gentleman Cologne, $68, retail $137! 1200W Portable Handheld Garment Steamer for $29.99, reg $59.99! -- Use Promo Code DO55MBRO",2025-07-19 03:00:00,en,TWITTER,,,,cluster_1,False,14,Neutral,Anticipation,The comment appears to be a promotional advertisement highlighting a discounted price for Givenchy G,True,True,Medium,1.7020032405853271
1946412126022643785,"â€‰ Givenchy Gentleman Cologne, $68, retail $137! https://t.co/TDgjbkKdvL 1200W Portable Handheld Garment Steamer for $29.99, reg $59.99! -- Use Promo Code DO55MBRO https://t.co/YIGjqAcjEk","Givenchy Gentleman Cologne, $68, retail $137! 1200W Portable Handheld Garment Steamer for $29.99, reg $59.99! -- Use Promo Code DO55MBRO",2025-07-19 03:29:48,en,TWITTER,,,,cluster_1,False,14,Neutral,Anticipation,The comment appears to be a promotional advertisement highlighting a discounted price for Givenchy G,True,True,Medium,1.7020032405853271
1946418755669467479,"â€‰ STEAL! Versace Dylan Blue Perfume, as low as $55, retail $130! https://t.co/y9aqONHhK8 Givenchy Gentleman Cologne, $68, retail $137! https://t.co/sdnmVXGy7V https://t.co/DvFZRERyS8","STEAL! Versace Dylan Blue Perfume, as low as $55, retail $130! Givenchy Gentleman Cologne, $68, retail $137!",2025-07-19 03:56:08,en,TWITTER,,,,cluster_2,False,6,Positive,Joy,"The comment expresses excitement about finding discounted prices for luxury fragrances, specifically",True,True,Medium,3.512683391571045
1946419729062593008,"â€‰ Givenchy Gentleman Cologne, $68, retail $137! https://t.co/YipKiJsK1C 1200W Portable Handheld Garment Steamer for $29.99, reg $59.99! -- Use Promo Code DO55MBRO https://t.co/dEBXtG1ban https://t.co/QR6dMFpLwi","Givenchy Gentleman Cologne, $68, retail $137! 1200W Portable Handheld Garment Steamer for $29.99, reg $59.99! -- Use Promo Code DO55MBRO",2025-07-19 04:00:00,en,TWITTER,,,,cluster_1,False,14,Neutral,Anticipation,The comment appears to be a promotional advertisement highlighting a discounted price for Givenchy G,True,True,Medium,1.7020032405853271
1946434828703768596,"â€‰ Givenchy Gentleman Cologne, $68, retail $137! https://t.co/YipKiJsK1C 1200W Portable Handheld Garment Steamer for $29.99, reg $59.99! -- Use Promo Code DO55MBRO https://t.co/dEBXtG1ban https://t.co/XW9tNnHq4w","Givenchy Gentleman Cologne, $68, retail $137! 1200W Portable Handheld Garment Steamer for $29.99, reg $59.99! -- Use Promo Code DO55MBRO",2025-07-19 05:00:00,en,TWITTER,,,,cluster_1,False,14,Neutral,Anticipation,The comment appears to be a promotional advertisement highlighting a discounted price for Givenchy G,True,True,Medium,1.7020032405853271
1946435834762113283,"â€‰ STEAL! Versace Dylan Blue Perfume, as low as $55, retail $130! https://t.co/Bpp3e1Vojb Givenchy Gentleman Cologne, $68, retail $137! https://t.co/gtB9B0l5uU","STEAL! Versace Dylan Blue Perfume, as low as $55, retail $130! Givenchy Gentleman Cologne, $68, retail $137!",2025-07-19 05:04:00,en,TWITTER,,,,cluster_2,False,6,Positive,Joy,"The comment expresses excitement about finding discounted prices for luxury fragrances, specifically",True,True,Medium,3.512683391571045
1946440670341657050,â€‰ ã‚¸ãƒãƒ³ã‚·ã‚¤ GIVENCHY ãƒ©ãƒ³ãƒ†ãƒ«ãƒ‡ã‚£ ã‚ªãƒ¼ãƒ‡ãƒ‘ãƒ«ãƒ•ã‚¡ãƒ  ã‚¤ãƒ³ãƒ†ãƒ³ã‚¹ L'INTERDIT INTENSE EDP 35mlãŒå†è²©ã—ãŸã‚ˆ! 07/19 14:17ç¾åœ¨ â†“ Amazonã ã‚ˆ â†“ https://t.co/m4IEQmfaQL #PR #ã‚³ã‚¹ãƒ¡ #ã‚¹ã‚­ãƒ³ã‚±ã‚¢ #ç¾å®¹,ã‚¸ãƒãƒ³ã‚·ã‚¤ GIVENCHY ãƒ©ãƒ³ãƒ†ãƒ«ãƒ‡ã‚£ ã‚ªãƒ¼ãƒ‡ãƒ‘ãƒ«ãƒ•ã‚¡ãƒ  ã‚¤ãƒ³ãƒ†ãƒ³ã‚¹ L'INTERDIT INTENSE EDP 35mlãŒå†è²©ã—ãŸã‚ˆ! 07/19 14:17ç¾åœ¨ â†“ Amazonã ã‚ˆ â†“,2025-07-19 05:23:13,ja,TWITTER,PR|ã‚³ã‚¹ãƒ¡|ã‚¹ã‚­ãƒ³ã‚±ã‚¢|ç¾å®¹,,,,False,1,Positive,Joy,The comment appears to be an excited announcement about a Givenchy fragrance (L'Interdit Intense EDP,False,,,
1946449927992750356,"â€‰ Givenchy Gentleman Cologne, $68, retail $137! https://t.co/YipKiJsK1C 1200W Portable Handheld Garment Steamer for $29.99, reg $59.99! -- Use Promo Code DO55MBRO https://t.co/dEBXtG1ban https://t.co/I5O3CzgDd3","Givenchy Gentleman Cologne, $68, retail $137! 1200W Portable Handheld Garment Steamer for $29.99, reg $59.99! -- Use Promo Code DO55MBRO",2025-07-19 06:00:00,en,TWITTER,,,,cluster_1,False,14,Neutral,Anticipation,The comment appears to be a promotional advertisement highlighting a discounted price for Givenchy G,True,True,Medium,1.7020032405853271
1946465028296605860,"â€‰ Givenchy Gentleman Cologne, $68, retail $137! https://t.co/YipKiJsK1C 1200W Portable Handheld Garment Steamer for $29.99, reg $59.99! -- Use Promo Code DO55MBRO https://t.co/dEBXtG1ban https://t.co/fmsEM9Ze3A","Givenchy Gentleman Cologne, $68, retail $137! 1200W Portable Handheld Garment Steamer for $29.99, reg $59.99! -- Use Promo Code DO55MBRO",2025-07-19 07:00:00,en,TWITTER,,,,cluster_1,False,14,Neutral,Anticipation,The comment appears to be a promotional advertisement highlighting a discounted price for Givenchy G,True,True,Medium,1.7020032405853271
1946470991636603013,"â€‰ @DasyKatende @tipsformenx Based on current 2025 prices (100ml EDP where available, from official sites/retailers like Sephora, Nordstrom): - Louis Vuitton L'ImmensitÃ©: $325 - Chanel Bleu de Chanel: $132 - Xerjoff Erba Pura: $250 - YSL Y EDP: $135 - Givenchy Gentleman Reserve PrivÃ©e: $120 - Tom Ford Noirâ€¦","Based on current 2025 prices (100ml EDP where available, from official sites/retailers like Sephora, Nordstrom): - Louis Vuitton L'ImmensitÃ©: $325 - Chanel Bleu de Chanel: $132 - Xerjoff Erba Pura: $250 - YSL Y EDP: $135 - Givenchy Gentleman Reserve PrivÃ©e: $120 - Tom Ford Noirâ€¦",2025-07-19 07:23:42,fr,TWITTER,,DasyKatende|tipsformenx,,,False,1,Neutral,Neutral,"The comment appears to be a factual price comparison of various luxury fragrances, including Givench",False,,,
1946480126872392126,"â€‰ Givenchy Gentleman Cologne, $68, retail $137! https://t.co/YipKiJsK1C 1200W Portable Handheld Garment Steamer for $29.99, reg $59.99! -- Use Promo Code DO55MBRO https://t.co/dEBXtG1ban https://t.co/tTLgq7zlff","Givenchy Gentleman Cologne, $68, retail $137! 1200W Portable Handheld Garment Steamer for $29.99, reg $59.99! -- Use Promo Code DO55MBRO",2025-07-19 08:00:00,en,TWITTER,,,,cluster_1,False,14,Neutral,Anticipation,The comment appears to be a promotional advertisement highlighting a discounted price for Givenchy G,True,True,Medium,1.7020032405853271
1946495226610081976,"â€‰ Givenchy Gentleman Cologne, $68, retail $137! https://t.co/YipKiJsK1C 1200W Portable Handheld Garment Steamer for $29.99, reg $59.99! -- Use Promo Code DO55MBRO https://t.co/dEBXtG1ban https://t.co/uCtP9u2vD0","Givenchy Gentleman Cologne, $68, retail $137! 1200W Portable Handheld Garment Steamer for $29.99, reg $59.99! -- Use Promo Code DO55MBRO",2025-07-19 09:00:00,en,TWITTER,,,,cluster_1,False,14,Neutral,Anticipation,The comment appears to be a promotional advertisement highlighting a discounted price for Givenchy G,True,True,Medium,1.7020032405853271
1946504366397268469,"â€‰ ğŸ’„ å•†å“åï¼šã‚¸ãƒãƒ³ã‚·ã‚¤ ãƒ—ãƒªã‚ºãƒ ãƒ»ãƒªãƒ¼ãƒ–ãƒ«ãƒ»ã‚¹ã‚­ãƒ³ã‚±ã‚¢ãƒªãƒ³ã‚°ãƒ»ã‚³ãƒ³ã‚·ãƒ¼ãƒ©ãƒ¼ #C105 [ä¸¦è¡Œè¼¸å…¥å“] ğŸ·ï¸ ãƒ–ãƒ©ãƒ³ãƒ‰ï¼šGivenchy ğŸ‘› ä¾¡æ ¼ï¼šï¿¥4,543 (ï¿¥413 / ãƒŸãƒªãƒªãƒƒãƒˆãƒ«) ğŸ”— å•†å“URLï¼šhttps://t.co/hapdX6VR4b 2025å¹´07æœˆ19æ—¥ 18:36 pr #Amazon","å•†å“åï¼šã‚¸ãƒãƒ³ã‚·ã‚¤ ãƒ—ãƒªã‚ºãƒ ãƒ»ãƒªãƒ¼ãƒ–ãƒ«ãƒ»ã‚¹ã‚­ãƒ³ã‚±ã‚¢ãƒªãƒ³ã‚°ãƒ»ã‚³ãƒ³ã‚·ãƒ¼ãƒ©ãƒ¼ [ä¸¦è¡Œè¼¸å…¥å“] ãƒ–ãƒ©ãƒ³ãƒ‰ï¼šGivenchy ä¾¡æ ¼ï¼šï¿¥4,543 (ï¿¥413 / ãƒŸãƒªãƒªãƒƒãƒˆãƒ«) å•†å“URLï¼š 2025å¹´07æœˆ19æ—¥ 18:36 pr",2025-07-19 09:36:19,ja,TWITTER,C105|Amazon,,ğŸ”—ğŸ·ï¸ğŸ‘›ğŸ’„,,False,1,Neutral,Neutral,"The comment appears to be a product listing or advertisement for a Givenchy concealer, written in Ja",False,,,
1946510325815066926,"â€‰ Givenchy Gentleman Cologne, $68, retail $137! https://t.co/YipKiJsK1C 1200W Portable Handheld Garment Steamer for $29.99, reg $59.99! -- Use Promo Code DO55MBRO https://t.co/dEBXtG1ban https://t.co/BePFUA1Ubg","Givenchy Gentleman Cologne, $68, retail $137! 1200W Portable Handheld Garment Steamer for $29.99, reg $59.99! -- Use Promo Code DO55MBRO",2025-07-19 10:00:00,en,TWITTER,,,,cluster_1,False,14,Neutral,Anticipation,The comment appears to be a promotional advertisement highlighting a discounted price for Givenchy G,True,True,Medium,1.7020032405853271
1946525425712136482,"â€‰ Givenchy Gentleman Cologne, $68, retail $137! https://t.co/YipKiJsK1C 1200W Portable Handheld Garment Steamer for $29.99, reg $59.99! -- Use Promo Code DO55MBRO https://t.co/dEBXtG1ban https://t.co/PC0qV36h1Q","Givenchy Gentleman Cologne, $68, retail $137! 1200W Portable Handheld Garment Steamer for $29.99, reg $59.99! -- Use Promo Code DO55MBRO",2025-07-19 11:00:00,en,TWITTER,,,,cluster_1,False,14,Neutral,Anticipation,The comment appears to be a promotional advertisement highlighting a discounted price for Givenchy G,True,True,Medium,1.7020032405853271
1946537365457310192,"â€‰ @thoughtpresentr @tipsformenx Sure, here's a clear list of the fragrances from the image, categorized as shown: EVERY DAY: Louis Vuitton L'ImmensitÃ©, Bleu de Chanel, Xerjoff Erba Pura, YSL Y EDP, Givenchy Gentleman Reserve PrivÃ©e, Tom Ford Noir Extreme, Jean Paul Gaultier Le Male Le Parfum, Parfums de Marlyâ€¦","Sure, here's a clear list of the fragrances from the image, categorized as shown: EVERY DAY: Louis Vuitton L'ImmensitÃ©, Bleu de Chanel, Xerjoff Erba Pura, YSL Y EDP, Givenchy Gentleman Reserve PrivÃ©e, Tom Ford Noir Extreme, Jean Paul Gaultier Le Male Le Parfum, Parfums de Marlyâ€¦",2025-07-19 11:47:27,fr,TWITTER,,thoughtpresentr|tipsformenx,,,False,1,Neutral,Anticipation,"The comment appears to be a matter-of-fact listing of fragrances, including Givenchy Gentleman Reser",False,,,
1946540525382664472,"â€‰ Givenchy Gentleman Cologne, $68, retail $137! https://t.co/YipKiJsK1C 1200W Portable Handheld Garment Steamer for $29.99, reg $59.99! -- Use Promo Code DO55MBRO https://t.co/dEBXtG1ban https://t.co/sdgo1w2OqA","Givenchy Gentleman Cologne, $68, retail $137! 1200W Portable Handheld Garment Steamer for $29.99, reg $59.99! -- Use Promo Code DO55MBRO",2025-07-19 12:00:00,en,TWITTER,,,,cluster_1,False,14,Neutral,Anticipation,The comment appears to be a promotional advertisement highlighting a discounted price for Givenchy G,True,True,Medium,1.7020032405853271
1946623023668220191,â€‰ Givenchy Gentleman Boisee 3.4 oz EDP only $67.62 https://t.co/gtB9B0l5uU,Givenchy Gentleman Boisee 3.4 oz EDP only $67.62,2025-07-19 17:27:50,en,TWITTER,,,,cluster_3,True,5,Positive,Anticipation,The comment appears to be a promotional post highlighting a specific Givenchy fragrance (Gentleman B,False,,,
1946678737514144080,â€‰ Givenchy Gentleman Boisee 3.4 oz EDP only $67.62 https://t.co/AHjRd91zHg,Givenchy Gentleman Boisee 3.4 oz EDP only $67.62,2025-07-19 21:09:13,en,TWITTER,,,,cluster_3,False,5,Positive,Anticipation,The comment appears to be a promotional post highlighting a specific Givenchy fragrance (Gentleman B,True,True,Medium,1.85254168510437
1946680306808803341,â€‰ Givenchy Gentleman Boisee 3.4 oz EDP only $67.62 https://t.co/yPTFIeP7Ka https://t.co/7xhZ2YDgPt,Givenchy Gentleman Boisee 3.4 oz EDP only $67.62,2025-07-19 21:15:27,en,TWITTER,,,,cluster_3,False,5,Positive,Anticipation,The comment appears to be a promotional post highlighting a specific Givenchy fragrance (Gentleman B,True,True,Medium,1.85254168510437
1946687886570508414,â€‰ Givenchy Gentleman Boisee 3.4 oz EDP only $67.62 https://t.co/AHjRd91zHg,Givenchy Gentleman Boisee 3.4 oz EDP only $67.62,2025-07-19 21:45:34,en,TWITTER,,,,cluster_3,False,5,Positive,Anticipation,The comment appears to be a promotional post highlighting a specific Givenchy fragrance (Gentleman B,True,True,Medium,1.85254168510437
1946688079462584754,"â€‰ ğŸ’„ å•†å“åï¼šã‚¸ãƒãƒ³ã‚·ãƒ¼ GIVENCHY ã‚¸ãƒãƒ³ã‚·ã‚¤ GIVENCHY ã‚¹ã‚­ãƒ³ ãƒªã‚½ãƒ¼ã‚¹ ãƒã‚¹ã‚¯ 50â€¦ ğŸ·ï¸ ãƒ–ãƒ©ãƒ³ãƒ‰ï¼šGivenchy ğŸ‘› ä¾¡æ ¼ï¼šï¿¥8,980 (ï¿¥180 / ãƒŸãƒªãƒªãƒƒãƒˆãƒ«) ğŸ”— å•†å“URLï¼šhttps://t.co/Fp2siGuvJj 2025å¹´07æœˆ20æ—¥ 06:46 pr #Amazon","å•†å“åï¼šã‚¸ãƒãƒ³ã‚·ãƒ¼ GIVENCHY ã‚¸ãƒãƒ³ã‚·ã‚¤ GIVENCHY ã‚¹ã‚­ãƒ³ ãƒªã‚½ãƒ¼ã‚¹ ãƒã‚¹ã‚¯ 50â€¦ ãƒ–ãƒ©ãƒ³ãƒ‰ï¼šGivenchy ä¾¡æ ¼ï¼šï¿¥8,980 (ï¿¥180 / ãƒŸãƒªãƒªãƒƒãƒˆãƒ«) å•†å“URLï¼š 2025å¹´07æœˆ20æ—¥ 06:46 pr",2025-07-19 21:46:20,ja,TWITTER,Amazon,,ğŸ”—ğŸ·ï¸ğŸ‘›ğŸ’„,,False,1,Neutral,Neutral,The comment appears to be a product listing or advertisement for a Givenchy skincare product (Skin R,False,,,
1946692553182482931,"â€‰ Givenchy Gentleman Cologne, $68, retail $137! https://t.co/TDgjbkKdvL 1200W Portable Handheld Garment Steamer for $29.99, reg $59.99! -- Use Promo Code DO55MBRO https://t.co/YIGjqAcjEk","Givenchy Gentleman Cologne, $68, retail $137! 1200W Portable Handheld Garment Steamer for $29.99, reg $59.99! -- Use Promo Code DO55MBRO",2025-07-19 22:04:07,en,TWITTER,,,,cluster_1,False,14,Neutral,Anticipation,The comment appears to be a promotional advertisement highlighting a discounted price for Givenchy G,True,True,Medium,1.7020032405853271
1946702281484714438,"â€‰ STEAL! Versace Dylan Blue Perfume, as low as $55, retail $130! https://t.co/Bpp3e1Vojb Givenchy Gentleman Cologne, $68, retail $137! https://t.co/gtB9B0l5uU","STEAL! Versace Dylan Blue Perfume, as low as $55, retail $130! Givenchy Gentleman Cologne, $68, retail $137!",2025-07-19 22:42:46,en,TWITTER,,,,cluster_2,False,6,Positive,Joy,"The comment expresses excitement about finding discounted prices for luxury fragrances, specifically",True,True,Medium,3.512683391571045
1946719590223937884,â€‰ Givenchy Gentleman Boisee 3.4 oz EDP only $67.62 https://t.co/AHjRd91zHg,Givenchy Gentleman Boisee 3.4 oz EDP only $67.62,2025-07-19 23:51:33,en,TWITTER,,,,cluster_3,False,5,Positive,Anticipation,The comment appears to be a promotional post highlighting a specific Givenchy fragrance (Gentleman B,True,True,Medium,1.85254168510437
1946731317397217481,â€‰ Givenchy Gentleman 3.4 oz Eau De Parfum only $66.81 (List: $105) https://t.co/3Pv796EVXX,Givenchy Gentleman 3.4 oz Eau De Parfum only $66.81 (List: $105),2025-07-20 00:38:09,en,TWITTER,,,,cluster_5,True,2,Positive,Joy,"The comment highlights a significant price discount on a Givenchy Gentleman Eau De Parfum, with the ",False,,,
1946782248843231298,â€‰ Givenchy Gentleman 3.4 oz Eau De Parfum only $66.81 (List: $105) https://t.co/VQL60QuTmN https://t.co/sP5Zd8ETOZ,Givenchy Gentleman 3.4 oz Eau De Parfum only $66.81 (List: $105),2025-07-20 04:00:32,en,TWITTER,,,,cluster_5,False,2,Positive,Joy,"The comment highlights a significant price discount on a Givenchy Gentleman Eau De Parfum, with the ",True,True,Medium,1.875734806060791
1946986157251653826,"â€‰ Givenchy Gentleman Cologne, $68, retail $137! https://t.co/TDgjbkKdvL 1200W Portable Handheld Garment Steamer for $29.99, reg $59.99! -- Use Promo Code DO55MBRO https://t.co/YIGjqAcjEk","Givenchy Gentleman Cologne, $68, retail $137! 1200W Portable Handheld Garment Steamer for $29.99, reg $59.99! -- Use Promo Code DO55MBRO",2025-07-20 17:30:47,en,TWITTER,,,,cluster_1,False,14,Neutral,Anticipation,The comment appears to be a promotional advertisement highlighting a discounted price for Givenchy G,True,True,Medium,1.7020032405853271
17954088842841074,â€‰ My first ever unboxing video and it was all thanks to mrsinghsldn with their unbelievable flavoursome crisps. Highly recommend not only purchasing all 4 flavours and mixing them up (you're all welcome BTW) but also go check out their IG as their reels are so entertaining! Whislt you are there you might as well check out the podcast episode I did with one of the co-founders kookssahota - link to podcast in my bio For the 2l glass water bottle check out my amazon storefront and get one through their - help ya girl out with a little kickback innit - much appreciated https://amzn.to/46TLXFb  link to my amazon store front is in my bio too Hat - merch from 2025 mani.fest.newc Top - chooselove Sunglasses - givenchy but they got smashed at the kendricklamar concert so if you want to send me a new pair I will graciously receive with gratitude Sending you all Love â¤ï¸ Light âœ¨ and Blessings #unboxing #asmr #unboxingvideo #asmrvideo #crisps #mrsinghschillicrisps #mrsinghs #eatingfortheinsta #eatingsounds #letseat #potatochips,My first ever unboxing video and it was all thanks to mrsinghsldn with their unbelievable flavoursome crisps. Highly recommend not only purchasing all 4 flavours and mixing them up (you're all welcome BTW) but also go check out their IG as their reels are so entertaining! Whislt you are there you might as well check out the podcast episode I did with one of the co-founders kookssahota - link to podcast in my bio For the 2l glass water bottle check out my amazon storefront and get one through their - help ya girl out with a little kickback innit - much appreciated link to my amazon store front is in my bio too Hat - merch from 2025 mani.fest.newc Top - chooselove Sunglasses - givenchy but they got smashed at the kendricklamar concert so if you want to send me a new pair I will graciously receive with gratitude Sending you all Love Light and Blessings,2025-07-20 19:31:25,en,INSTAGRAM,unboxing|asmr|unboxingvideo|asmrvideo|crisps|mrsinghschillicrisps|mrsinghs|eatingfortheinsta|eatingsounds|letseat|potatochips,,â¤ï¸âœ¨,,False,1,Neutral,Sadness,"The comment mentions Givenchy sunglasses being ""smashed at the kendricklamar concert"" with a hint of",False,,,
1947048450916237767,"â€‰ Givenchy Gentleman Cologne, $68, retail $137! https://t.co/ChkVLqn4WU 47"" Fluted Sideboard Cabinet with Drawer for $65.99, reg $199.99! -- Use Promo Code DQZ2E3H3 https://t.co/acTdUrNp4h","Givenchy Gentleman Cologne, $68, retail $137! 47"" Fluted Sideboard Cabinet with Drawer for $65.99, reg $199.99! -- Use Promo Code DQZ2E3H3",2025-07-20 21:38:19,en,TWITTER,,,,,False,1,Positive,Joy,"The comment highlights a significant discount on a Givenchy Gentleman Cologne, reducing the price fr",False,,,
1947059340890050778,"â€‰ @ilovedoggy8 @GentlemenGuideX ilovedoggy8 The Givenchy Gentleman BoisÃ©e Eau de Parfum (100ml) retails for $112 on the official site, but is often discounted to $60-80 on Amazon or FragranceNet as of July 2025. Prices vary by retailer.","ilovedoggy8 The Givenchy Gentleman BoisÃ©e Eau de Parfum (100ml) retails for $112 on the official site, but is often discounted to $60-80 on Amazon or FragranceNet as of July 2025. Prices vary by retailer.",2025-07-20 22:21:36,en,TWITTER,,ilovedoggy8|GentlemenGuideX,,,False,1,Neutral,Anticipation,"The comment provides factual pricing information about a Givenchy fragrance, focusing on price compa",False,,,
1947080244185223557,"â€‰ Givenchy Gentleman Boisee For Men Eau De Parfume Spray for only $67.62 (Reg $83) https://t.co/CflkywRA3G CELSIUS Sparkling Lemon Lime, Sugar Free Energy Drink, 12 Fl Oz (Pack of 12)  for only $12.72 (Reg $22.98) Save with Sub & Save https://t.co/lzbTP1FRyE","Givenchy Gentleman Boisee For Men Eau De Parfume Spray for only $67.62 (Reg $83) CELSIUS Sparkling Lemon Lime, Sugar Free Energy Drink, 12 Fl Oz (Pack of 12) for only $12.72 (Reg $22.98) Save with Sub & Save",2025-07-20 23:44:39,en,TWITTER,,,,,False,1,Neutral,Anticipation,The comment appears to be a promotional or deal-sharing post about a Givenchy fragrance at a discoun,False,,,
